<?xml version="1.0" encoding="UTF-8"?>

<!-- Automatically generated file. Do not edit (see /usr/share/doc/menu/html) -->

<openbox_menu xmlns="http://openbox.org/"
        xmlns:xsi="http://www.w3.org/2001/XMLSchema-instance"
        xsi:schemaLocation="http://openbox.org/
                file:///usr/share/openbox/menu.xsd">

<menu id='/Debian' label='Debian'>
  <menu id='/Debian/Ajuda' label='Ajuda'>
    <item label='Info'>
      <action name='Execute'><execute>x-terminal-emulator  -T &quot;Info&quot; -e sh -c &quot;info&quot;</execute></action>
    </item>
    <item label='Xman'>
      <action name='Execute'><execute>xman</execute></action>
    </item>
    <item label='yelp'>
      <action name='Execute'><execute>/usr/bin/yelp</execute></action>
    </item>
  </menu>
  <menu id='/Debian/Aplicativos' label='Aplicativos'>
    <menu id='/Debian/Aplicativos/Acessibilidade' label='Acessibilidade'>
      <item label='Xmag'>
        <action name='Execute'><execute>xmag</execute></action>
      </item>
    </menu>
    <menu id='/Debian/Aplicativos/Ciência' label='Ciência'>
      <menu id='/Debian/Aplicativos/Ciência/Matemática' label='Matemática'>
        <item label='Bc'>
          <action name='Execute'><execute>x-terminal-emulator  -T &quot;Bc&quot; -e sh -c &quot;/usr/bin/bc&quot;</execute></action>
        </item>
        <item label='Dc'>
          <action name='Execute'><execute>x-terminal-emulator  -T &quot;Dc&quot; -e sh -c &quot;/usr/bin/dc&quot;</execute></action>
        </item>
        <item label='Gnuplot'>
          <action name='Execute'><execute>x-terminal-emulator  -T &quot;Gnuplot&quot; -e sh -c &quot;/usr/bin/gnuplot5-qt&quot;</execute></action>
        </item>
        <item label='Xcalc'>
          <action name='Execute'><execute>xcalc</execute></action>
        </item>
      </menu>
    </menu>
    <menu id='/Debian/Aplicativos/Editores' label='Editores'>
      <item label='Focuswriter' icon='/usr/share/pixmaps/focuswriter.xpm'>
        <action name='Execute'><execute>/usr/bin/focuswriter</execute></action>
      </item>
      <item label='hexedit'>
        <action name='Execute'><execute>x-terminal-emulator  -T &quot;hexedit&quot; -e sh -c &quot;/usr/bin/hexedit&quot;</execute></action>
      </item>
      <item label='Xedit'>
        <action name='Execute'><execute>xedit</execute></action>
      </item>
    </menu>
    <menu id='/Debian/Aplicativos/Emuladores de Terminal' label='Emuladores de Terminal'>
      <item label='XTerm' icon='/usr/share/pixmaps/xterm-color_32x32.xpm'>
        <action name='Execute'><execute>xterm</execute></action>
      </item>
      <item label='X-Terminal as root (GKsu)' icon='/usr/share/pixmaps/gksu-debian.xpm'>
        <action name='Execute'><execute>/usr/bin/gksu -u root /usr/bin/x-terminal-emulator</execute></action>
      </item>
      <item label='XTerm (Unicode)' icon='/usr/share/pixmaps/xterm-color_32x32.xpm'>
        <action name='Execute'><execute>uxterm</execute></action>
      </item>
    </menu>
    <menu id='/Debian/Aplicativos/Gerenciamento de Arquivos' label='Gerenciamento de Arquivos'>
      <item label='Brasero'>
        <action name='Execute'><execute>/usr/bin/brasero</execute></action>
      </item>
      <item label='gmrun'>
        <action name='Execute'><execute>/usr/bin/gmrun</execute></action>
      </item>
      <item label='luckybackup' icon='/usr/share/pixmaps/luckybackup.xpm'>
        <action name='Execute'><execute>/usr/bin/luckybackup</execute></action>
      </item>
      <item label='Nemo' icon='/usr/share/pixmaps/nemo.xpm'>
        <action name='Execute'><execute>/usr/bin/nemo</execute></action>
      </item>
      <item label='pyRenamer' icon='/usr/share/pixmaps/pyrenamer.xpm'>
        <action name='Execute'><execute>/usr/bin/pyrenamer</execute></action>
      </item>
    </menu>
    <menu id='/Debian/Aplicativos/Gerenciamento de Dados' label='Gerenciamento de Dados'>
      <item label='SQLite database browser' icon='/usr/share/pixmaps/sqlitebrowser.xpm'>
        <action name='Execute'><execute>/usr/bin/sqlitebrowser</execute></action>
      </item>
    </menu>
    <menu id='/Debian/Aplicativos/Gráficos' label='Gráficos'>
      <item label='dotty'>
        <action name='Execute'><execute>/usr/bin/dotty</execute></action>
      </item>
      <item label='GNU Paint' icon='/usr/share/pixmaps/gpaint.xpm'>
        <action name='Execute'><execute>/usr/bin/gpaint</execute></action>
      </item>
      <item label='Inkscape' icon='/usr/share/pixmaps/inkscape.xpm'>
        <action name='Execute'><execute>/usr/bin/inkscape</execute></action>
      </item>
      <item label='lefty'>
        <action name='Execute'><execute>/usr/bin/lefty</execute></action>
      </item>
      <item label='The GIMP' icon='/usr/share/pixmaps/gimp.xpm'>
        <action name='Execute'><execute>/usr/bin/gimp</execute></action>
      </item>
      <item label='xcb'>
        <action name='Execute'><execute>/usr/bin/xcb</execute></action>
      </item>
      <item label='X Window Snapshot'>
        <action name='Execute'><execute>xwd | xwud</execute></action>
      </item>
    </menu>
    <menu id='/Debian/Aplicativos/Programação' label='Programação'>
      <item label='codeblocks'>
        <action name='Execute'><execute>/usr/bin/codeblocks</execute></action>
      </item>
      <item label='GDB'>
        <action name='Execute'><execute>x-terminal-emulator  -T &quot;GDB&quot; -e sh -c &quot;/usr/bin/gdb&quot;</execute></action>
      </item>
      <item label='Giggle'>
        <action name='Execute'><execute>/usr/bin/giggle</execute></action>
      </item>
      <item label='Glade 3' icon='/usr/share/pixmaps/glade.xpm'>
        <action name='Execute'><execute>/usr/bin/glade</execute></action>
      </item>
      <item label='HT Editor'>
        <action name='Execute'><execute>x-terminal-emulator  -T &quot;HT Editor&quot; -e sh -c &quot;/usr/bin/hte&quot;</execute></action>
      </item>
      <item label='Pike 8.0 HILFE' icon='/usr/share/pixmaps/pike8.0.xpm'>
        <action name='Execute'><execute>x-terminal-emulator  -T &quot;Pike 8.0 HILFE&quot; -e sh -c &quot;/usr/bin/pike8.0&quot;</execute></action>
      </item>
      <item label='regexxer'>
        <action name='Execute'><execute>/usr/bin/regexxer</execute></action>
      </item>
      <item label='Tclsh8.6'>
        <action name='Execute'><execute>x-terminal-emulator  -T &quot;Tclsh8.6&quot; -e sh -c &quot;/usr/bin/tclsh8.6&quot;</execute></action>
      </item>
      <item label='TkWish8.6'>
        <action name='Execute'><execute>x-terminal-emulator -e /usr/bin/wish8.6</execute></action>
      </item>
    </menu>
    <menu id='/Debian/Aplicativos/Rede' label='Rede'>
      <menu id='/Debian/Aplicativos/Rede/Comunicação' label='Comunicação'>
        <item label='mixmaster'>
          <action name='Execute'><execute>x-terminal-emulator  -T &quot;mixmaster&quot; -e sh -c &quot;/usr/bin/mixmaster&quot;</execute></action>
        </item>
        <item label='Pidgin' icon='/usr/share/pixmaps/pidgin-menu.xpm'>
          <action name='Execute'><execute>/usr/bin/pidgin</execute></action>
        </item>
        <item label='Remmina'>
          <action name='Execute'><execute>/usr/bin/remmina</execute></action>
        </item>
        <item label='Ricin'>
          <action name='Execute'><execute>/usr/bin/ricin</execute></action>
        </item>
        <item label='s-nail'>
          <action name='Execute'><execute>x-terminal-emulator  -T &quot;s-nail&quot; -e sh -c &quot;/usr/bin/s-nail&quot;</execute></action>
        </item>
        <item label='Telnet'>
          <action name='Execute'><execute>x-terminal-emulator  -T &quot;Telnet&quot; -e sh -c &quot;/usr/bin/telnet.netkit&quot;</execute></action>
        </item>
        <item label='uTox'>
          <action name='Execute'><execute>/usr/bin/utox</execute></action>
        </item>
        <item label='Xbiff'>
          <action name='Execute'><execute>xbiff</execute></action>
        </item>
      </menu>
      <menu id='/Debian/Aplicativos/Rede/Monitoramento' label='Monitoramento'>
        <item label='wavemon'>
          <action name='Execute'><execute>x-terminal-emulator  -T &quot;wavemon&quot; -e sh -c &quot;/usr/bin/wavemon&quot;</execute></action>
        </item>
      </menu>
      <menu id='/Debian/Aplicativos/Rede/Navegação Web' label='Navegação Web'>
        <item label='ELinks WWW browser'>
          <action name='Execute'><execute>x-terminal-emulator  -T &quot;ELinks WWW browser&quot; -e sh -c &quot;/usr/bin/elinks&quot;</execute></action>
        </item>
        <item label='Google Chrome' icon='/opt/google/chrome/product_logo_32.xpm'>
          <action name='Execute'><execute>/opt/google/chrome/google-chrome</execute></action>
        </item>
        <item label='Opera' icon='/usr/share/pixmaps/opera.xpm'>
          <action name='Execute'><execute>/usr/bin/opera</execute></action>
        </item>
        <item label='webkit2pdf'>
          <action name='Execute'><execute>/usr/bin/webkit2pdf</execute></action>
        </item>
      </menu>
      <menu id='/Debian/Aplicativos/Rede/Transferência de Arquivos' label='Transferência de Arquivos'>
        <item label='Grsync' icon='/usr/share/pixmaps/grsync.xpm'>
          <action name='Execute'><execute>/usr/bin/grsync</execute></action>
        </item>
        <item label='Transmission BitTorrent Client (GTK)' icon='/usr/share/pixmaps/transmission.xpm'>
          <action name='Execute'><execute>/usr/bin/transmission-gtk</execute></action>
        </item>
      </menu>
    </menu>
    <menu id='/Debian/Aplicativos/Shells' label='Shells'>
      <item label='Bash'>
        <action name='Execute'><execute>x-terminal-emulator  -T &quot;Bash&quot; -e sh -c &quot;/bin/bash --login&quot;</execute></action>
      </item>
      <item label='Dash'>
        <action name='Execute'><execute>x-terminal-emulator  -T &quot;Dash&quot; -e sh -c &quot;/bin/dash -i&quot;</execute></action>
      </item>
      <item label='fish'>
        <action name='Execute'><execute>x-terminal-emulator  -T &quot;fish&quot; -e sh -c &quot;/usr/bin/fish&quot;</execute></action>
      </item>
      <item label='Sh'>
        <action name='Execute'><execute>x-terminal-emulator  -T &quot;Sh&quot; -e sh -c &quot;/bin/sh --login&quot;</execute></action>
      </item>
      <item label='Zsh'>
        <action name='Execute'><execute>x-terminal-emulator  -T &quot;Zsh&quot; -e sh -c &quot;/bin/zsh5&quot;</execute></action>
      </item>
    </menu>
    <menu id='/Debian/Aplicativos/Sistema' label='Sistema'>
      <menu id='/Debian/Aplicativos/Sistema/Administração' label='Administração'>
        <item label='Cinnamon Control Center' icon='/usr/share/pixmaps/cinnamon-control-center.xpm'>
          <action name='Execute'><execute>/usr/bin/cinnamon-control-center</execute></action>
        </item>
        <item label='DSL/PPPoE configuration tool' icon='/usr/share/pixmaps/pppoeconf.xpm'>
          <action name='Execute'><execute>x-terminal-emulator  -T &quot;DSL/PPPoE configuration tool&quot; -e sh -c &quot;/usr/sbin/pppoeconf&quot;</execute></action>
        </item>
        <item label='Editres'>
          <action name='Execute'><execute>editres</execute></action>
        </item>
        <item label='GNOME partition editor' icon='/usr/share/pixmaps/gparted.xpm'>
          <action name='Execute'><execute>su-to-root -X -c /usr/sbin/gparted</execute></action>
        </item>
        <item label='luckybackup (super user)' icon='/usr/share/pixmaps/luckybackup.xpm'>
          <action name='Execute'><execute>su-to-root -X -c /usr/bin/luckybackup</execute></action>
        </item>
        <item label='MDM flexiserver' icon='/usr/share/pixmaps/mdm.xpm'>
          <action name='Execute'><execute>mdmflexiserver</execute></action>
        </item>
        <item label='MDM Setup' icon='/usr/share/pixmaps/mdm.xpm'>
          <action name='Execute'><execute>su-to-root -X -p root -c /usr/sbin/mdmsetup</execute></action>
        </item>
        <item label='Network Admin' icon='/usr/share/gnome-system-tools/pixmaps/network.xpm'>
          <action name='Execute'><execute>/usr/bin/network-admin</execute></action>
        </item>
        <item label='nitrogen'>
          <action name='Execute'><execute>/usr/bin/nitrogen</execute></action>
        </item>
        <item label='Openbox Configuration Manager' icon='/usr/share/pixmaps/obconf.xpm'>
          <action name='Execute'><execute>/usr/bin/obconf</execute></action>
        </item>
        <item label='Openbox Menu Editor'>
          <action name='Execute'><execute>/usr/bin/obmenu</execute></action>
        </item>
        <item label='Orphaner (all)'>
          <action name='Execute'><execute>x-terminal-emulator  -T &quot;Orphaner (all)&quot; -e sh -c &quot;su-to-root -c &apos;/usr/sbin/orphaner -a&apos;&quot;</execute></action>
        </item>
        <item label='Orphaner - editkeep'>
          <action name='Execute'><execute>x-terminal-emulator  -T &quot;Orphaner - editkeep&quot; -e sh -c &quot;su-to-root -c &apos;/usr/sbin/editkeep&apos;&quot;</execute></action>
        </item>
        <item label='Orphaner (libs)'>
          <action name='Execute'><execute>x-terminal-emulator  -T &quot;Orphaner (libs)&quot; -e sh -c &quot;su-to-root -c /usr/sbin/orphaner&quot;</execute></action>
        </item>
        <item label='pppconfig'>
          <action name='Execute'><execute>x-terminal-emulator  -T &quot;pppconfig&quot; -e sh -c &quot;su-to-root -p root -c /usr/sbin/pppconfig&quot;</execute></action>
        </item>
        <item label='QtConfig'>
          <action name='Execute'><execute>/usr/bin/qtconfig-qt4</execute></action>
        </item>
        <item label='Reportbug'>
          <action name='Execute'><execute>x-terminal-emulator  -T &quot;Reportbug&quot; -e sh -c &quot;/usr/bin/reportbug --exit-prompt&quot;</execute></action>
        </item>
        <item label='Reportbug (GTK+)'>
          <action name='Execute'><execute>/usr/bin/reportbug --exit-prompt --ui gtk2</execute></action>
        </item>
        <item label='Services Admin' icon='/usr/share/gnome-system-tools/pixmaps/services.xpm'>
          <action name='Execute'><execute>/usr/bin/services-admin</execute></action>
        </item>
        <item label='Shares Admin' icon='/usr/share/gnome-system-tools/pixmaps/shares.xpm'>
          <action name='Execute'><execute>/usr/bin/shares-admin</execute></action>
        </item>
        <item label='System Information' icon='/usr/share/pixmaps/hardinfo.xpm'>
          <action name='Execute'><execute>/usr/bin/hardinfo</execute></action>
        </item>
        <item label='Time Admin' icon='/usr/share/gnome-system-tools/pixmaps/time.xpm'>
          <action name='Execute'><execute>/usr/bin/time-admin</execute></action>
        </item>
        <item label='User accounts Admin' icon='/usr/share/gnome-system-tools/pixmaps/users.xpm'>
          <action name='Execute'><execute>/usr/bin/users-admin</execute></action>
        </item>
        <item label='Xclipboard'>
          <action name='Execute'><execute>xclipboard</execute></action>
        </item>
        <item label='Xfce Application Finder' icon='/usr/share/pixmaps/xfce4-appfinder.xpm'>
          <action name='Execute'><execute>xfce4-appfinder</execute></action>
        </item>
        <item label='Xfontsel'>
          <action name='Execute'><execute>xfontsel</execute></action>
        </item>
        <item label='Xkill'>
          <action name='Execute'><execute>xkill</execute></action>
        </item>
        <item label='Xrefresh'>
          <action name='Execute'><execute>xrefresh</execute></action>
        </item>
      </menu>
      <menu id='/Debian/Aplicativos/Sistema/Ambiente de Linguagem' label='Ambiente de Linguagem'>
        <item label='Input Method Configuration'>
          <action name='Execute'><execute>x-terminal-emulator  -T &quot;Input Method Configuration&quot; -e sh -c &quot;/usr/bin/im-config&quot;</execute></action>
        </item>
      </menu>
      <menu id='/Debian/Aplicativos/Sistema/Gerenciamento de Pacotes' label='Gerenciamento de Pacotes'>
        <item label='Aptitude Package Manager (text)'>
          <action name='Execute'><execute>x-terminal-emulator  -T &quot;Aptitude Package Manager (text)&quot; -e sh -c &quot;/usr/bin/aptitude-curses&quot;</execute></action>
        </item>
        <item label='Synaptic Package Manager' icon='/usr/share/synaptic/pixmaps/synaptic_32x32.xpm'>
          <action name='Execute'><execute>x-terminal-emulator -e synaptic-pkexec</execute></action>
        </item>
      </menu>
      <menu id='/Debian/Aplicativos/Sistema/Hardware' label='Hardware'>
        <item label='Xvidtune'>
          <action name='Execute'><execute>xvidtune</execute></action>
        </item>
      </menu>
      <menu id='/Debian/Aplicativos/Sistema/Monitoramento' label='Monitoramento'>
        <item label='Conky'>
          <action name='Execute'><execute>x-terminal-emulator  -T &quot;Conky&quot; -e sh -c &quot;/usr/bin/conky&quot;</execute></action>
        </item>
        <item label='lshw-gtk' icon='/usr/share/pixmaps/lshw-gtk.xpm'>
          <action name='Execute'><execute>lshw-gtk</execute></action>
        </item>
        <item label='Pstree' icon='/usr/share/pixmaps/pstree16.xpm'>
          <action name='Execute'><execute>x-terminal-emulator  -T &quot;Pstree&quot; -e sh -c &quot;/usr/bin/pstree.x11&quot;</execute></action>
        </item>
        <item label='Top'>
          <action name='Execute'><execute>x-terminal-emulator  -T &quot;Top&quot; -e sh -c &quot;/usr/bin/top&quot;</execute></action>
        </item>
        <item label='Xconsole'>
          <action name='Execute'><execute>xconsole -file /dev/xconsole</execute></action>
        </item>
        <item label='Xev'>
          <action name='Execute'><execute>x-terminal-emulator -e xev</execute></action>
        </item>
        <item label='Xload'>
          <action name='Execute'><execute>xload</execute></action>
        </item>
      </menu>
      <item label='PerlPanel' icon='/usr/share/pixmaps/perlpanel.xpm'>
        <action name='Execute'><execute>/usr/bin/perlpanel</execute></action>
      </item>
      <menu id='/Debian/Aplicativos/Sistema/Segurança' label='Segurança'>
        <item label='lynis auditing tool'>
          <action name='Execute'><execute>x-terminal-emulator  -T &quot;lynis auditing tool&quot; -e sh -c &quot;su-to-root -c &apos;/usr/sbin/lynis --no-colors&apos;&quot;</execute></action>
        </item>
      </menu>
    </menu>
    <menu id='/Debian/Aplicativos/Som' label='Som'>
      <item label='flake'>
        <action name='Execute'><execute>x-terminal-emulator  -T &quot;flake&quot; -e sh -c &quot;/usr/bin/flake&quot;</execute></action>
      </item>
      <item label='MP3 info'>
        <action name='Execute'><execute>/usr/bin/gmp3info</execute></action>
      </item>
      <item label='paman'>
        <action name='Execute'><execute>/usr/bin/paman</execute></action>
      </item>
      <item label='paprefs'>
        <action name='Execute'><execute>/usr/bin/paprefs</execute></action>
      </item>
      <item label='pasystray'>
        <action name='Execute'><execute>/usr/bin/pasystray</execute></action>
      </item>
      <item label='pavucontrol'>
        <action name='Execute'><execute>/usr/bin/pavucontrol</execute></action>
      </item>
      <item label='pavumeter'>
        <action name='Execute'><execute>/usr/bin/pavumeter</execute></action>
      </item>
    </menu>
    <menu id='/Debian/Aplicativos/Texto' label='Texto'>
      <item label='Fortune'>
        <action name='Execute'><execute>sh -c &apos;while /usr/games/fortune | col -x | xmessage -center -buttons OK:1,Another:0 -default OK -file - ; do :; done&apos;</execute></action>
      </item>
      <item label='txt2regex'>
        <action name='Execute'><execute>x-terminal-emulator  -T &quot;txt2regex&quot; -e sh -c &quot;/usr/bin/txt2regex&quot;</execute></action>
      </item>
    </menu>
    <menu id='/Debian/Aplicativos/Vídeo' label='Vídeo'>
      <item label='WinFF' icon='/usr/share/pixmaps/winff.xpm'>
        <action name='Execute'><execute>/usr/bin/winff</execute></action>
      </item>
      <item label='Xplayer' icon='/usr/share/pixmaps/xplayer.xpm'>
        <action name='Execute'><execute>/usr/bin/xplayer</execute></action>
      </item>
    </menu>
    <menu id='/Debian/Aplicativos/Visualizadores' label='Visualizadores'>
      <item label='gpac'>
        <action name='Execute'><execute>x-terminal-emulator  -T &quot;gpac&quot; -e sh -c &quot;/usr/bin/MP4Client&quot;</execute></action>
      </item>
      <item label='GV' icon='/usr/share/pixmaps/mini-gv.xpm'>
        <action name='Execute'><execute>/usr/bin/gv</execute></action>
      </item>
      <item label='Pix Image Viewer' icon='/usr/share/pixmaps/pix.xpm'>
        <action name='Execute'><execute>/usr/bin/pix</execute></action>
      </item>
      <item label='qPDFview' icon='/usr/share/qpdfview/qpdfview.xpm'>
        <action name='Execute'><execute>qpdfview</execute></action>
      </item>
      <item label='Xditview'>
        <action name='Execute'><execute>xditview</execute></action>
      </item>
      <item label='Xviewer' icon='/usr/share/pixmaps/gnome-xviewer.xpm'>
        <action name='Execute'><execute>/usr/bin/xviewer</execute></action>
      </item>
    </menu>
  </menu>
  <menu id='/Debian/CrossOver' label='CrossOver'>
    <item label='CrossOver' icon='/opt/cxoffice/share/icons/32x32/crossover.png'>
      <action name='Execute'><execute>/opt/cxoffice/bin/crossover</execute></action>
    </item>
    <item label='Uninstall CrossOver Linux' icon='/opt/cxoffice/share/icons/32x32/cxuninstall.png'>
      <action name='Execute'><execute>/opt/cxoffice/bin/cxuninstall</execute></action>
    </item>
  </menu>
  <menu id='/Debian/Gerenciadores de Janelas' label='Gerenciadores de Janelas'>
    <item label='awesome' icon='/usr/share/pixmaps/awesome.xpm'>
      <action name='Restart'><execute>/usr/bin/awesome</execute></action>
    </item>
    <item label='Openbox' icon='/usr/share/pixmaps/openbox.xpm'>
      <action name='Restart'><execute>/usr/bin/openbox</execute></action>
    </item>
  </menu>
  <menu id='/Debian/Jogos' label='Jogos'>
    <menu id='/Debian/Jogos/Ação' label='Ação'>
      <item label='SolarWolf' icon='/usr/share/pixmaps/solarwolf.xpm'>
        <action name='Execute'><execute>/usr/games/solarwolf</execute></action>
      </item>
    </menu>
    <menu id='/Debian/Jogos/Brinquedos' label='Brinquedos'>
      <item label='bb'>
        <action name='Execute'><execute>/usr/games/bb</execute></action>
      </item>
      <item label='Oclock'>
        <action name='Execute'><execute>oclock</execute></action>
      </item>
      <item label='oneko/cat' icon='/usr/share/pixmaps/oneko_cat.xpm'>
        <action name='Execute'><execute>oneko -fg black -bg white</execute></action>
      </item>
      <item label='oneko/dog' icon='/usr/share/pixmaps/oneko_dog.xpm'>
        <action name='Execute'><execute>oneko -dog -fg black -bg white</execute></action>
      </item>
      <item label='oneko/stop' icon='/usr/share/pixmaps/oneko_stop.xpm'>
        <action name='Execute'><execute>killall -TERM oneko</execute></action>
      </item>
      <item label='tty-clock'>
        <action name='Execute'><execute>x-terminal-emulator  -T &quot;tty-clock&quot; -e sh -c &quot;/usr/bin/tty-clock&quot;</execute></action>
      </item>
      <item label='Xclock (analog)'>
        <action name='Execute'><execute>xclock -analog</execute></action>
      </item>
      <item label='Xclock (digital)'>
        <action name='Execute'><execute>xclock -digital -update 1</execute></action>
      </item>
      <item label='Xeyes'>
        <action name='Execute'><execute>xeyes</execute></action>
      </item>
      <item label='Xlogo'>
        <action name='Execute'><execute>xlogo</execute></action>
      </item>
    </menu>
    <menu id='/Debian/Jogos/Estratégia' label='Estratégia'>
      <item label='slingshot' icon='/usr/share/pixmaps/slingshot.xpm'>
        <action name='Execute'><execute>/usr/games/slingshot</execute></action>
      </item>
    </menu>
    <menu id='/Debian/Jogos/Quebra-cabeças' label='Quebra-cabeças'>
      <item label='Hitori' icon='/usr/share/pixmaps/hitori.xpm'>
        <action name='Execute'><execute>/usr/games/hitori</execute></action>
      </item>
    </menu>
    <menu id='/Debian/Jogos/Tabuleiro' label='Tabuleiro'>
      <item label='Chess Net' icon='/usr/share/pixmaps/xboard.xpm'>
        <action name='Execute'><execute>x-terminal-emulator  -T &quot;Chess Net&quot; -e sh -c &quot;/usr/games/xboard -ics -icshost chess.net&quot;</execute></action>
      </item>
      <item label='Default' icon='/usr/share/pixmaps/xboard.xpm'>
        <action name='Execute'><execute>x-terminal-emulator  -T &quot;Default&quot; -e sh -c &quot;/usr/games/xboard -ics&quot;</execute></action>
      </item>
      <item label='Free I.C.S.' icon='/usr/share/pixmaps/xboard.xpm'>
        <action name='Execute'><execute>x-terminal-emulator  -T &quot;Free I.C.S.&quot; -e sh -c &quot;/usr/games/xboard -ics -icshost freechess.org&quot;</execute></action>
      </item>
      <item label='Internet Chess Club' icon='/usr/share/pixmaps/xboard.xpm'>
        <action name='Execute'><execute>x-terminal-emulator  -T &quot;Internet Chess Club&quot; -e sh -c &quot;/usr/games/xboard -ics -icshost chessclub.com&quot;</execute></action>
      </item>
      <item label='XBoard' icon='/usr/share/pixmaps/xboard.xpm'>
        <action name='Execute'><execute>/usr/games/xboard -xncp</execute></action>
      </item>
      <item label='XBoard (passive chessboard)' icon='/usr/share/pixmaps/xboard.xpm'>
        <action name='Execute'><execute>/usr/games/xboard -ncp</execute></action>
      </item>
    </menu>
  </menu>
  <menu id='/Debian/Tela' label='Tela'>
    <menu id='/Debian/Tela/Bloqueio' label='Bloqueio'>
      <item label='Lock Screen (XScreenSaver)'>
        <action name='Execute'><execute>/usr/bin/xscreensaver-command -lock</execute></action>
      </item>
    </menu>
    <menu id='/Debian/Tela/Proteção' label='Proteção'>
      <item label='Activate ScreenSaver (Next)'>
        <action name='Execute'><execute>/usr/bin/xscreensaver-command -next</execute></action>
      </item>
      <item label='Activate ScreenSaver (Previous)'>
        <action name='Execute'><execute>/usr/bin/xscreensaver-command -prev</execute></action>
      </item>
      <item label='Activate ScreenSaver (Random)'>
        <action name='Execute'><execute>/usr/bin/xscreensaver-command -activate</execute></action>
      </item>
      <item label='Demo Screen Hacks'>
        <action name='Execute'><execute>/usr/bin/xscreensaver-command -demo</execute></action>
      </item>
      <item label='Disable XScreenSaver'>
        <action name='Execute'><execute>/usr/bin/xscreensaver-command -exit</execute></action>
      </item>
      <item label='Enable XScreenSaver'>
        <action name='Execute'><execute>/usr/bin/xscreensaver</execute></action>
      </item>
      <item label='Reinitialize XScreenSaver'>
        <action name='Execute'><execute>/usr/bin/xscreensaver-command -restart</execute></action>
      </item>
      <item label='ScreenSaver Preferences'>
        <action name='Execute'><execute>/usr/bin/xscreensaver-command -prefs</execute></action>
      </item>
    </menu>
  </menu>
  <menu id='/Debian/Windows Applications' label='Windows Applications'>
    <menu id='/Debian/Windows Applications/Steam' label='Steam'>
      <item label='Steam' icon='/home/usuario/.cxoffice/Steam/windata/cxmenu/icons/hicolor/32x32/apps/BAC4_steam.0.png'>
        <action name='Execute'><execute>&quot;/home/usuario/.cxoffice/Steam/desktopdata/cxmenu/StartMenu.C^5E3A_ProgramData_Microsoft_Windows_Start^2BMenu/Programs/Steam/Steam.lnk&quot;</execute></action>
      </item>
      <item label='Steam Support Center' icon='/opt/cxoffice/share/icons/32x32/crossover.png'>
        <action name='Execute'><execute>&quot;/home/usuario/.cxoffice/Steam/desktopdata/cxmenu/StartMenu.C^5E3A_ProgramData_Microsoft_Windows_Start^2BMenu/Programs/Steam/Steam+Support+Center.url&quot;</execute></action>
      </item>
    </menu>
  </menu>
</menu>

</openbox_menu>
