<?xml version="1.0" encoding="utf-8"?>
<openbox_menu xmlns="http://openbox.org/" xmlns:xsi="http://www.w3.org/2001/XMLSchema-instance" xsi:schemaLocation="http://openbox.org/">
    <menu id="root-menu" label="Openbox">
                    <item label="Arquivos" icon="/home/usuario/.config/obmenu-generator/icons/edf57ee8015403cd1f93778485bf09cc.png">
                <action name="Execute">
                    <command>
                        <![CDATA[xdg-open .]]>
                    </command>
                </action>
            </item>
            <item label="Terminal" icon="/home/usuario/.config/obmenu-generator/icons/3c63cfcd31dca9feda3a3508b0155b32.png">
                <action name="Execute">
                    <command>
                        <![CDATA[tilix]]>
                    </command>
                </action>
            </item>
            <item label="Web Browser" icon="/home/usuario/.config/obmenu-generator/icons/10ab9a3a3203e1b62e44cee0506f3e5d.png">
                <action name="Execute">
                    <command>
                        <![CDATA[xdg-open http://]]>
                    </command>
                </action>
            </item>
            <item label="Executar" icon="/home/usuario/.config/obmenu-generator/icons/df56cf808a673549abdf49e642e7a546.png">
                <action name="Execute">
                    <command>
                        <![CDATA[gmrun]]>
                    </command>
                </action>
            </item>
        <menu id="Aplicações" label="Aplicações" icon="/home/usuario/.config/obmenu-generator/icons/b8bd3860083f0faaebfcf47711871f51.png">
            <menu id="Acessórios" icon="/home/usuario/.config/obmenu-generator/icons/378316819535dbb35f6de942b0dbbb22.png" label="Acessórios">
                <item label="Alarm Clock" icon="/home/usuario/.config/obmenu-generator/icons/d8409186e260d3e6ff5e9495a0cd901a.png">
                    <action name="Execute">
                        <command>
                            <![CDATA[alarm-clock-applet]]>
                        </command>
                    </action>
                </item>
                <item label="Application Finder" icon="/home/usuario/.config/obmenu-generator/icons/faff02f15f786b023f7c07c0251d14a5.png">
                    <action name="Execute">
                        <command>
                            <![CDATA[xfce4-appfinder]]>
                        </command>
                    </action>
                </item>
                <item label="Gerenciador Emgrampa" icon="/home/usuario/.config/obmenu-generator/icons/87fc97f60938545029caaa4573a0ed83.png">
                    <action name="Execute">
                        <command>
                            <![CDATA[engrampa]]>
                        </command>
                    </action>
                </item>
                <item label="Gerenciador File-roller" icon="/home/usuario/.config/obmenu-generator/icons/87fc97f60938545029caaa4573a0ed83.png">
                    <action name="Execute">
                        <command>
                            <![CDATA[file-roller]]>
                        </command>
                    </action>
                </item>
                <item label="Calculadora" icon="/home/usuario/.config/obmenu-generator/icons/40e97eb40de98d880e4c12e0259e7d5b.png">
                    <action name="Execute">
                        <command>
                            <![CDATA[gnome-calculator]]>
                        </command>
                    </action>
                </item>
                <item label="Mapa de Caracteres" icon="/home/usuario/.config/obmenu-generator/icons/d95e37594a04dc40e0e2b1b97b2254c4.png">
                    <action name="Execute">
                        <command>
                            <![CDATA[gucharmap]]>
                        </command>
                    </action>
                </item>
                <item label="Gnome Clocks" icon="/home/usuario/.config/obmenu-generator/icons/c27091d8c186a399fe6569564dc60ec1.png">
                    <action name="Execute">
                        <command>
                            <![CDATA[gnome-clocks]]>
                        </command>
                    </action>
                </item>
                <item label="Seleção de Cores" icon="/home/usuario/.config/obmenu-generator/icons/939de93b84712a219ed15f8a4b800453.png">
                    <action name="Execute">
                        <command>
                            <![CDATA[mate-color-select]]>
                        </command>
                    </action>
                </item>
                <item label="Cumulus" icon="/usr/share/cumulus/media/cumulus.svg">
                    <action name="Execute">
                        <command>
                            <![CDATA[cumulus]]>
                        </command>
                    </action>
                </item>
                <item label="Dicionario" icon="/home/usuario/.config/obmenu-generator/icons/3d74e528426054072a8f32132d02eab2.png">
                    <action name="Execute">
                        <command>
                            <![CDATA[mate-dictionary]]>
                        </command>
                    </action>
                </item>
                <item label="Discos" icon="/home/usuario/.config/obmenu-generator/icons/7e240f464647868226aafb27d2cd60d7.png">
                    <action name="Execute">
                        <command>
                            <![CDATA[gnome-disks]]>
                        </command>
                    </action>
                </item>
                <item label="Xreader" icon="/home/usuario/.config/obmenu-generator/icons/bb83f31215a5c02fa3a5e596cefa2867.png">
                    <action name="Execute">
                        <command>
                            <![CDATA[xreader]]>
                        </command>
                    </action>
                </item>
                <item label="f.lux applet" icon="/home/usuario/.config/obmenu-generator/icons/13eb1525b78e55dc4a890d643d6943d9.png">
                    <action name="Execute">
                        <command>
                            <![CDATA[fluxgui]]>
                        </command>
                    </action>
                </item>
                <item label="Gerenciador de Arquivos" icon="/home/usuario/.config/obmenu-generator/icons/edf57ee8015403cd1f93778485bf09cc.png">
                    <action name="Execute">
                        <command>
                            <![CDATA[nemo]]>
                        </command>
                    </action>
                </item>
                <item label="Final Term" icon="/home/usuario/.config/obmenu-generator/icons/820002517a0a3e251de07178f101e0f8.png">
                    <action name="Execute">
                        <command>
                            <![CDATA[finalterm]]>
                        </command>
                    </action>
                </item>
                <item label="FSlint Janitor" icon="/home/usuario/.config/obmenu-generator/icons/344edb57b328f6fa952ba9bc52c2f131.png">
                    <action name="Execute">
                        <command>
                            <![CDATA[fslint-gui]]>
                        </command>
                    </action>
                </item>
                <item label="Gis Weather" icon="/home/usuario/.config/obmenu-generator/icons/1a34ee686a3cc2f7c100bed88fda07d3.png">
                    <action name="Execute">
                        <command>
                            <![CDATA[/usr/bin/gis-weather]]>
                        </command>
                    </action>
                </item>
                <item label="Guake Terminal" icon="/home/usuario/.config/obmenu-generator/icons/55b992a4db69ea6628a601863fc5454b.png">
                    <action name="Execute">
                        <command>
                            <![CDATA[guake]]>
                        </command>
                    </action>
                </item>
                <item label="Ajuda" icon="/home/usuario/.config/obmenu-generator/icons/8049e978957f47ad6190b811c7015f67.png">
                    <action name="Execute">
                        <command>
                            <![CDATA[yelp]]>
                        </command>
                    </action>
                </item>
                <item label="Visualizador de Imagens" icon="/home/usuario/.config/obmenu-generator/icons/b9165fdecb80923869964a87c9320fe2.png">
                    <action name="Execute">
                        <command>
                            <![CDATA[xviewer]]>
                        </command>
                    </action>
                </item>
                <item label="luckyBackup" icon="/home/usuario/.config/obmenu-generator/icons/42008a1f3dea8e7849991ef349e94dd3.png">
                    <action name="Execute">
                        <command>
                            <![CDATA[/usr/bin/luckybackup]]>
                        </command>
                    </action>
                </item>
                <item label="Seahorse PGP" icon="/home/usuario/.config/obmenu-generator/icons/5e4013942503ea9a3b6af0e8a319b4d9.png">
                    <action name="Execute">
                        <command>
                            <![CDATA[seahorse]]>
                        </command>
                    </action>
                </item>
                <item label="Tint2 Openbox Menu" icon="/home/usuario/.config/obmenu-generator/icons/dd7260015d966ed23fbd462ee128aefa.png">
                    <action name="Execute">
                        <command>
                            <![CDATA[xdotool key super+Escape]]>
                        </command>
                    </action>
                </item>
                <item label="MATE Calculadora" icon="/home/usuario/.config/obmenu-generator/icons/40e97eb40de98d880e4c12e0259e7d5b.png">
                    <action name="Execute">
                        <command>
                            <![CDATA[mate-calc]]>
                        </command>
                    </action>
                </item>
                <item label="MATE Visualizador de Fontes" icon="/home/usuario/.config/obmenu-generator/icons/f81b1ae144a1f665fd910e88292e619f.png">
                    <action name="Execute">
                        <command>
                            <![CDATA[mate-font-viewer]]>
                        </command>
                    </action>
                </item>
                <item label="Midnight Commander editor" icon="/home/usuario/.config/obmenu-generator/icons/edf57ee8015403cd1f93778485bf09cc.png">
                    <action name="Execute">
                        <command>
                            <![CDATA[tilix -e 'mcedit']]>
                        </command>
                    </action>
                </item>
                <item label="Midnight Commander" icon="/home/usuario/.config/obmenu-generator/icons/edf57ee8015403cd1f93778485bf09cc.png">
                    <action name="Execute">
                        <command>
                            <![CDATA[tilix -e 'mc']]>
                        </command>
                    </action>
                </item>
                <item label="Nitrogen" icon="/home/usuario/.config/obmenu-generator/icons/635f08161e34743f69bf7943e66affa9.png">
                    <action name="Execute">
                        <command>
                            <![CDATA[nitrogen]]>
                        </command>
                    </action>
                </item>
                <item label="Opendesktop.org App" icon="/home/usuario/.config/obmenu-generator/icons/b107039a51333a11d349fe2b6d4c09f0.png">
                    <action name="Execute">
                        <command>
                            <![CDATA[opendesktop-app]]>
                        </command>
                    </action>
                </item>
                <item label="Senhas e Chaves" icon="/home/usuario/.config/obmenu-generator/icons/5e4013942503ea9a3b6af0e8a319b4d9.png">
                    <action name="Execute">
                        <command>
                            <![CDATA[/usr/bin/seahorse]]>
                        </command>
                    </action>
                </item>
                <item label="pyRenamer" icon="/home/usuario/.config/obmenu-generator/icons/f387100f7d3d2c0f812ed49943735b0c.png">
                    <action name="Execute">
                        <command>
                            <![CDATA[/usr/bin/pyrenamer]]>
                        </command>
                    </action>
                </item>
                <item label="Executar..." icon="/home/usuario/.config/obmenu-generator/icons/df56cf808a673549abdf49e642e7a546.png">
                    <action name="Execute">
                        <command>
                            <![CDATA[xfce4-appfinder --collapsed]]>
                        </command>
                    </action>
                </item>
                <item label="Screenshot" icon="/home/usuario/.config/obmenu-generator/icons/f16194c45638c76c4fe5cb78427bb117.png">
                    <action name="Execute">
                        <command>
                            <![CDATA[mate-screenshot]]>
                        </command>
                    </action>
                </item>
                <item label="Procura" icon="/home/usuario/.config/obmenu-generator/icons/faff02f15f786b023f7c07c0251d14a5.png">
                    <action name="Execute">
                        <command>
                            <![CDATA[mate-search-tool]]>
                        </command>
                    </action>
                </item>
                <item label="Stacer" icon="/home/usuario/.config/obmenu-generator/icons/1caee832b414f1564ce0e171e096e1c9.png">
                    <action name="Execute">
                        <command>
                            <![CDATA[Stacer]]>
                        </command>
                    </action>
                </item>
                <item label="Terminal" icon="/home/usuario/.config/obmenu-generator/icons/3c63cfcd31dca9feda3a3508b0155b32.png">
                    <action name="Execute">
                        <command>
                            <![CDATA[mate-terminal]]>
                        </command>
                    </action>
                </item>
                <item label="Editor de Texto" icon="/home/usuario/.config/obmenu-generator/icons/6f21d1232d1adc00801fee35399cbb45.png">
                    <action name="Execute">
                        <command>
                            <![CDATA[xed]]>
                        </command>
                    </action>
                </item>
                <item label="USB Image Writer" icon="/home/usuario/.config/obmenu-generator/icons/613c0b1f6d1815e00af7c29452ef750f.png">
                    <action name="Execute">
                        <command>
                            <![CDATA[mintstick -m iso]]>
                        </command>
                    </action>
                </item>
                <item label="USB Stick Formatter" icon="/home/usuario/.config/obmenu-generator/icons/613c0b1f6d1815e00af7c29452ef750f.png">
                    <action name="Execute">
                        <command>
                            <![CDATA[mintstick -m format]]>
                        </command>
                    </action>
                </item>
                <item label="Variety" icon="/home/usuario/.config/obmenu-generator/icons/7564391e6df3133ba30476463d5f4ae6.png">
                    <action name="Execute">
                        <command>
                            <![CDATA[variety]]>
                        </command>
                    </action>
                </item>
                <item label="Virtual keyboard" icon="/home/usuario/.config/obmenu-generator/icons/40ae669ae77d3d6b9e36425031849495.png">
                    <action name="Execute">
                        <command>
                            <![CDATA[dbus-send --print-reply --dest=org.Cinnamon /org/Cinnamon org.Cinnamon.ToggleKeyboard]]>
                        </command>
                    </action>
                </item>
                <item label="Weather Indicator" icon="/usr/share/indicator-weather/media/icon.png">
                    <action name="Execute">
                        <command>
                            <![CDATA[indicator-weather]]>
                        </command>
                    </action>
                </item>
                <item label="tilix" icon="/home/usuario/.config/obmenu-generator/icons/3c63cfcd31dca9feda3a3508b0155b32.png">
                    <action name="Execute">
                        <command>
                            <![CDATA[tilix]]>
                        </command>
                    </action>
                </item>
            </menu>
            <menu id="Desenvolvimento" icon="/home/usuario/.config/obmenu-generator/icons/5bb9df7f7707a9fa941ef4d8413ffff9.png" label="Desenvolvimento">
                <item label="A widget factory" icon="/home/usuario/.config/obmenu-generator/icons/48bc0867a40d331321605ba5a3e389a9.png">
                    <action name="Execute">
                        <command>
                            <![CDATA[awf-gtk2]]>
                        </command>
                    </action>
                </item>
                <item label="Code::Blocks IDE" icon="/home/usuario/.config/obmenu-generator/icons/50fcfaccb6c4c569671bd3134d24621c.png">
                    <action name="Execute">
                        <command>
                            <![CDATA[codeblocks]]>
                        </command>
                    </action>
                </item>
                <item label="CodeLite" icon="/home/usuario/.config/obmenu-generator/icons/8d09b25a5f7d7070fe41bcfd9166a704.png">
                    <action name="Execute">
                        <command>
                            <![CDATA[codelite]]>
                        </command>
                    </action>
                </item>
                <item label="D-Feet" icon="/home/usuario/.config/obmenu-generator/icons/74e114228e33b802fb2fd72313453b7b.png">
                    <action name="Execute">
                        <command>
                            <![CDATA[d-feet]]>
                        </command>
                    </action>
                </item>
                <item label="DB Browser for SQLite" icon="/home/usuario/.config/obmenu-generator/icons/ebb8c0e5806f30a79c716f02828e2daf.png">
                    <action name="Execute">
                        <command>
                            <![CDATA[sqlitebrowser]]>
                        </command>
                    </action>
                </item>
                <item label="Devhelp" icon="/home/usuario/.config/obmenu-generator/icons/4a60bf49378a433b91436106f5a2e817.png">
                    <action name="Execute">
                        <command>
                            <![CDATA[devhelp]]>
                        </command>
                    </action>
                </item>
                <item label="Geany" icon="/home/usuario/.config/obmenu-generator/icons/510af9e8f365fe0babc49e586a20977b.png">
                    <action name="Execute">
                        <command>
                            <![CDATA[geany]]>
                        </command>
                    </action>
                </item>
                <item label="GHex" icon="/home/usuario/.config/obmenu-generator/icons/2d9b9e7e84976d1243356e3069af1243.png">
                    <action name="Execute">
                        <command>
                            <![CDATA[ghex]]>
                        </command>
                    </action>
                </item>
                <item label="Giggle" icon="/home/usuario/.config/obmenu-generator/icons/d7c17b63b7d4b38f2f33e0f3b50d3012.png">
                    <action name="Execute">
                        <command>
                            <![CDATA[giggle]]>
                        </command>
                    </action>
                </item>
                <item label="gitg" icon="/home/usuario/.config/obmenu-generator/icons/d7c17b63b7d4b38f2f33e0f3b50d3012.png">
                    <action name="Execute">
                        <command>
                            <![CDATA[gitg --no-wd]]>
                        </command>
                    </action>
                </item>
                <item label="Glade" icon="/home/usuario/.config/obmenu-generator/icons/6b9b7eec9816faa4f880b1ebc21d2911.png">
                    <action name="Execute">
                        <command>
                            <![CDATA[glade]]>
                        </command>
                    </action>
                </item>
                <item label="ipython" icon="/home/usuario/.config/obmenu-generator/icons/54ee4379ab98e98da097808414da510c.png">
                    <action name="Execute">
                        <command>
                            <![CDATA[tilix -e 'ipython']]>
                        </command>
                    </action>
                </item>
                <item label="ipython3" icon="/home/usuario/.config/obmenu-generator/icons/54ee4379ab98e98da097808414da510c.png">
                    <action name="Execute">
                        <command>
                            <![CDATA[tilix -e 'ipython3']]>
                        </command>
                    </action>
                </item>
                <item label="Meld" icon="/home/usuario/.config/obmenu-generator/icons/faca91ddc0a54cb67ad390ef24b63e78.png">
                    <action name="Execute">
                        <command>
                            <![CDATA[meld]]>
                        </command>
                    </action>
                </item>
                <item label="Notepadqq" icon="/home/usuario/.config/obmenu-generator/icons/f3e4f7a65640f9fdc961f83f003ce5ce.png">
                    <action name="Execute">
                        <command>
                            <![CDATA[notepadqq]]>
                        </command>
                    </action>
                </item>
                <item label="PyCharm Community Edition" icon="/opt/pycharm-community-2017.1.3/bin/pycharm.png">
                    <action name="Execute">
                        <command>
                            <![CDATA["/opt/pycharm-community-2017.1.3/bin/pycharm.sh"]]>
                        </command>
                    </action>
                </item>
                <item label="regexxer Search Tool" icon="/home/usuario/.config/obmenu-generator/icons/90620097da803461a00c3dead95125d0.png">
                    <action name="Execute">
                        <command>
                            <![CDATA[regexxer]]>
                        </command>
                    </action>
                </item>
                <item label="Sqliteman" icon="/home/usuario/.config/obmenu-generator/icons/dcf29436314bbfcd72e59227e39fb8c0.png">
                    <action name="Execute">
                        <command>
                            <![CDATA[sqliteman]]>
                        </command>
                    </action>
                </item>
                <item label="Sublime Text" icon="/home/usuario/.config/obmenu-generator/icons/2f358b7c05666e0e1fea58def74ebe9f.png">
                    <action name="Execute">
                        <command>
                            <![CDATA[/opt/sublime_text/sublime_text]]>
                        </command>
                    </action>
                </item>
                <item label="TextAdept Editor de Texto" icon="/home/usuario/.config/obmenu-generator/icons/f534b33787a751febcdc2088dc93c0d2.png">
                    <action name="Execute">
                        <command>
                            <![CDATA[/usr/bin/textadept]]>
                        </command>
                    </action>
                </item>
            </menu>
            <menu id="Jogos" icon="/home/usuario/.config/obmenu-generator/icons/6bf554946a90421c72ddf2c69b55713d.png" label="Jogos">
                <item label="Paciencia AisleRiot" icon="/home/usuario/.config/obmenu-generator/icons/356257890a48a36f4bfd1a5a2621e667.png">
                    <action name="Execute">
                        <command>
                            <![CDATA[/usr/games/sol]]>
                        </command>
                    </action>
                </item>
                <item label="AntiMicro" icon="/home/usuario/.config/obmenu-generator/icons/a318ce2e329e988956c2219a1c63ebbc.png">
                    <action name="Execute">
                        <command>
                            <![CDATA[antimicro]]>
                        </command>
                    </action>
                </item>
                <item label="Xadrez" icon="/home/usuario/.config/obmenu-generator/icons/b353ce1664dbb51af93f05723bdb6e81.png">
                    <action name="Execute">
                        <command>
                            <![CDATA[gnome-chess]]>
                        </command>
                    </action>
                </item>
                <item label="DBGL Dosbox Emulator" icon="/home/usuario/.config/obmenu-generator/icons/1255cc4d2381a2d2223d33f898ff1b00.png">
                    <action name="Execute">
                        <command>
                            <![CDATA[/home/usuario/Jog/dbgl/dbgl]]>
                        </command>
                    </action>
                </item>
                <item label="Steam" icon="/home/usuario/.config/obmenu-generator/icons/d5e1c37d241c6236b99b887eb9df407b.png">
                    <action name="Execute">
                        <command>
                            <![CDATA[/usr/bin/steam]]>
                        </command>
                    </action>
                </item>
                <item label="DOSBox Emulator" icon="/home/usuario/.config/obmenu-generator/icons/1255cc4d2381a2d2223d33f898ff1b00.png">
                    <action name="Execute">
                        <command>
                            <![CDATA[dosbox]]>
                        </command>
                    </action>
                </item>
                <item label="Five or More" icon="/home/usuario/.config/obmenu-generator/icons/b596cbf20dce5b2daf8043c16f809491.png">
                    <action name="Execute">
                        <command>
                            <![CDATA[five-or-more]]>
                        </command>
                    </action>
                </item>
                <item label="Four-in-a-row" icon="/home/usuario/.config/obmenu-generator/icons/33a590b6bc129411d6d5b2f0efa2d7aa.png">
                    <action name="Execute">
                        <command>
                            <![CDATA[four-in-a-row]]>
                        </command>
                    </action>
                </item>
                <item label="Hitori" icon="/home/usuario/.config/obmenu-generator/icons/d8370bbc8e88df589b2e8756f4b74f89.png">
                    <action name="Execute">
                        <command>
                            <![CDATA[hitori]]>
                        </command>
                    </action>
                </item>
                <item label="Iagno" icon="/home/usuario/.config/obmenu-generator/icons/39622fe68a8c051d956454b55b322a6a.png">
                    <action name="Execute">
                        <command>
                            <![CDATA[iagno]]>
                        </command>
                    </action>
                </item>
                <item label="Klotski" icon="/home/usuario/.config/obmenu-generator/icons/09d8ed23f2342c0acf83445da343598c.png">
                    <action name="Execute">
                        <command>
                            <![CDATA[gnome-klotski]]>
                        </command>
                    </action>
                </item>
                <item label="Lights Off" icon="/home/usuario/.config/obmenu-generator/icons/9dd6a225f5eecc32328f441f319847be.png">
                    <action name="Execute">
                        <command>
                            <![CDATA[lightsoff]]>
                        </command>
                    </action>
                </item>
                <item label="Mahjongg" icon="/home/usuario/.config/obmenu-generator/icons/8a70d75575d3ef27ec047b3f08c7c305.png">
                    <action name="Execute">
                        <command>
                            <![CDATA[gnome-mahjongg]]>
                        </command>
                    </action>
                </item>
                <item label="Mines" icon="/home/usuario/.config/obmenu-generator/icons/91c2935f88e48367e86b82cbdefcbbe6.png">
                    <action name="Execute">
                        <command>
                            <![CDATA[gnome-mines]]>
                        </command>
                    </action>
                </item>
                <item label="Nibbles" icon="/home/usuario/.config/obmenu-generator/icons/d92a8610d4bf92f7c21354e1f3978665.png">
                    <action name="Execute">
                        <command>
                            <![CDATA[gnome-nibbles]]>
                        </command>
                    </action>
                </item>
                <item label="Oneko" icon="/home/usuario/.config/obmenu-generator/icons/e97adcc23725824c6f277f521d34bebb.png">
                    <action name="Execute">
                        <command>
                            <![CDATA[oneko -fg black -bg white]]>
                        </command>
                    </action>
                </item>
                <item label="PlayOnLinux" icon="/home/usuario/.config/obmenu-generator/icons/d5e1c37d241c6236b99b887eb9df407b.png">
                    <action name="Execute">
                        <command>
                            <![CDATA[playonlinux]]>
                        </command>
                    </action>
                </item>
                <item label="Quadrapassel" icon="/home/usuario/.config/obmenu-generator/icons/8ec35929f172f19296772f3fc1fa3916.png">
                    <action name="Execute">
                        <command>
                            <![CDATA[quadrapassel]]>
                        </command>
                    </action>
                </item>
                <item label="Robots" icon="/home/usuario/.config/obmenu-generator/icons/058a48209720cc48203e0d5f8066d3ae.png">
                    <action name="Execute">
                        <command>
                            <![CDATA[gnome-robots]]>
                        </command>
                    </action>
                </item>
                <item label="SolarWolf" icon="/home/usuario/.config/obmenu-generator/icons/ff41c262555b2d2e087cc19abc8bb7a3.png">
                    <action name="Execute">
                        <command>
                            <![CDATA[/usr/games/solarwolf]]>
                        </command>
                    </action>
                </item>
                <item label="Sudoku" icon="/home/usuario/.config/obmenu-generator/icons/9eeebeb8845de3c9f65f26782ab453f8.png">
                    <action name="Execute">
                        <command>
                            <![CDATA[gnome-sudoku]]>
                        </command>
                    </action>
                </item>
                <item label="Swell Foop" icon="/home/usuario/.config/obmenu-generator/icons/ff73c0c5708fafea1ec56747a8d05db0.png">
                    <action name="Execute">
                        <command>
                            <![CDATA[swell-foop]]>
                        </command>
                    </action>
                </item>
                <item label="Tali" icon="/home/usuario/.config/obmenu-generator/icons/aded53e3a22ad8799fe6f62dc44c8874.png">
                    <action name="Execute">
                        <command>
                            <![CDATA[tali]]>
                        </command>
                    </action>
                </item>
                <item label="Tetravex" icon="/home/usuario/.config/obmenu-generator/icons/e8159689569043bfadca7d6baed813f8.png">
                    <action name="Execute">
                        <command>
                            <![CDATA[gnome-tetravex]]>
                        </command>
                    </action>
                </item>
                <item label="Xboard" icon="/home/usuario/.config/obmenu-generator/icons/b353ce1664dbb51af93f05723bdb6e81.png">
                    <action name="Execute">
                        <command>
                            <![CDATA[xboard]]>
                        </command>
                    </action>
                </item>
            </menu>
            <menu id="Gráficos" icon="/home/usuario/.config/obmenu-generator/icons/18b5dbd0e075f92bbaa206777259112b.png" label="Gráficos">
                <item label="2gif" icon="/opt/extras.ubuntu.com/2gif/share/icons/2gif.png">
                    <action name="Execute">
                        <command>
                            <![CDATA[/opt/extras.ubuntu.com/2gif/bin/2gif.py]]>
                        </command>
                    </action>
                </item>
                <item label="2webp" icon="/opt/extras.ubuntu.com/2webp/share/icons/2webp.png">
                    <action name="Execute">
                        <command>
                            <![CDATA[/opt/extras.ubuntu.com/2webp/bin/2webp.py]]>
                        </command>
                    </action>
                </item>
                <item label="Converseen" icon="/home/usuario/.config/obmenu-generator/icons/8657085f90a5d7bd8612ba13d5d17d13.png">
                    <action name="Execute">
                        <command>
                            <![CDATA[converseen]]>
                        </command>
                    </action>
                </item>
                <item label="Visualizador de Documentos" icon="/home/usuario/.config/obmenu-generator/icons/bb83f31215a5c02fa3a5e596cefa2867.png">
                    <action name="Execute">
                        <command>
                            <![CDATA[evince]]>
                        </command>
                    </action>
                </item>
                <item label="Visualizador de E-Book" icon="/home/usuario/.config/obmenu-generator/icons/c0c613ab4b0c898b7b3f62890dfb6971.png">
                    <action name="Execute">
                        <command>
                            <![CDATA[ebook-viewer]]>
                        </command>
                    </action>
                </item>
                <item label="EOM Visualizador de Imagens" icon="/home/usuario/.config/obmenu-generator/icons/d5b80720ac76075afc64c5b82fa6d4a1.png">
                    <action name="Execute">
                        <command>
                            <![CDATA[eom]]>
                        </command>
                    </action>
                </item>
                <item label="GIMP Editor de Imagens" icon="/home/usuario/.config/obmenu-generator/icons/01fbeccc71c1e8fa306abd53fbfec597.png">
                    <action name="Execute">
                        <command>
                            <![CDATA[gimp-2.8]]>
                        </command>
                    </action>
                </item>
                <item label="GNU Paint" icon="/home/usuario/.config/obmenu-generator/icons/d83dac0fb8b2271d70870612b1fd3058.png">
                    <action name="Execute">
                        <command>
                            <![CDATA[gpaint]]>
                        </command>
                    </action>
                </item>
                <item label="Gpick" icon="/home/usuario/.config/obmenu-generator/icons/f4519fd1c2fa182ed15ec2f08197ae3a.png">
                    <action name="Execute">
                        <command>
                            <![CDATA[gpick]]>
                        </command>
                    </action>
                </item>
                <item label="gv" icon="/home/usuario/.config/obmenu-generator/icons/b9165fdecb80923869964a87c9320fe2.png">
                    <action name="Execute">
                        <command>
                            <![CDATA[gv]]>
                        </command>
                    </action>
                </item>
                <item label="ImageMagick (display Q16)" icon="/home/usuario/.config/obmenu-generator/icons/dd7260015d966ed23fbd462ee128aefa.png">
                    <action name="Execute">
                        <command>
                            <![CDATA[/usr/bin/display-im6]]>
                        </command>
                    </action>
                </item>
                <item label="ImageMagick (display Q16)" icon="/home/usuario/.config/obmenu-generator/icons/dd7260015d966ed23fbd462ee128aefa.png">
                    <action name="Execute">
                        <command>
                            <![CDATA[/usr/lib/x86_64-linux-gnu/ImageMagick-6.8.9/bin-Q16/display]]>
                        </command>
                    </action>
                </item>
                <item label="Inkscape" icon="/home/usuario/.config/obmenu-generator/icons/da591d54d5a9a1fce4d4fca0adc4414e.png">
                    <action name="Execute">
                        <command>
                            <![CDATA[inkscape]]>
                        </command>
                    </action>
                </item>
                <item label="LRF Viewer" icon="/home/usuario/.config/obmenu-generator/icons/c0c613ab4b0c898b7b3f62890dfb6971.png">
                    <action name="Execute">
                        <command>
                            <![CDATA[lrfviewer]]>
                        </command>
                    </action>
                </item>
                <item label="Peek" icon="/home/usuario/.config/obmenu-generator/icons/d2c007f9f20fb1c77c4d039f92076ee1.png">
                    <action name="Execute">
                        <command>
                            <![CDATA[peek]]>
                        </command>
                    </action>
                </item>
                <item label="Pix" icon="/home/usuario/.config/obmenu-generator/icons/d5b80720ac76075afc64c5b82fa6d4a1.png">
                    <action name="Execute">
                        <command>
                            <![CDATA[pix]]>
                        </command>
                    </action>
                </item>
                <item label="Preview de Impressão" icon="/home/usuario/.config/obmenu-generator/icons/5570b126a14ce3e3b0a441dd592d42f4.png">
                    <action name="Execute">
                        <command>
                            <![CDATA[evince-previewer]]>
                        </command>
                    </action>
                </item>
                <item label="Scan Simples" icon="/home/usuario/.config/obmenu-generator/icons/49927bcbae8a527ac7725195501a5ab1.png">
                    <action name="Execute">
                        <command>
                            <![CDATA[simple-scan]]>
                        </command>
                    </action>
                </item>
                <item label="Variety Slideshow" icon="/home/usuario/.config/obmenu-generator/icons/bbafc40769dab7cdeaf6a15e7c7623c8.png">
                    <action name="Execute">
                        <command>
                            <![CDATA[variety-slideshow]]>
                        </command>
                    </action>
                </item>
            </menu>
            <menu id="Multimídia" icon="/home/usuario/.config/obmenu-generator/icons/20a43b446f9ec7e094bec5dd80d8c03e.png" label="Multimídia">
                <item label="AcetoneISO" icon="/home/usuario/.config/obmenu-generator/icons/f5121a9e6ea8f8c95068ae5c01626a38.png">
                    <action name="Execute">
                        <command>
                            <![CDATA[acetoneiso]]>
                        </command>
                    </action>
                </item>
                <item label="Audacious" icon="/home/usuario/.config/obmenu-generator/icons/5c94e2271c07fe8f518b019081925bb6.png">
                    <action name="Execute">
                        <command>
                            <![CDATA[audacious]]>
                        </command>
                    </action>
                </item>
                <item label="Audacity" icon="/home/usuario/.config/obmenu-generator/icons/d205025a5bd30afcfea3f57eb2e5350d.png">
                    <action name="Execute">
                        <command>
                            <![CDATA[env UBUNTU_MENUPROXY=0 audacity]]>
                        </command>
                    </action>
                </item>
                <item label="Bino" icon="/home/usuario/.config/obmenu-generator/icons/bbbdac01e43e37905d2c8b31f18dcb35.png">
                    <action name="Execute">
                        <command>
                            <![CDATA[bino]]>
                        </command>
                    </action>
                </item>
                <item label="Brasero" icon="/home/usuario/.config/obmenu-generator/icons/d55553243e728b4688c59bff2cfc4cf7.png">
                    <action name="Execute">
                        <command>
                            <![CDATA[brasero]]>
                        </command>
                    </action>
                </item>
                <item label="Clementine" icon="/home/usuario/.config/obmenu-generator/icons/907fff1df91f3d7ba7e611207e1af074.png">
                    <action name="Execute">
                        <command>
                            <![CDATA[clementine]]>
                        </command>
                    </action>
                </item>
                <item label="Curlew" icon="/home/usuario/.config/obmenu-generator/icons/e7a00651d10ce30e325d26b008b12544.png">
                    <action name="Execute">
                        <command>
                            <![CDATA[curlew]]>
                        </command>
                    </action>
                </item>
                <item label="EasyTAG" icon="/home/usuario/.config/obmenu-generator/icons/9f72bc74610c525bdb56e7c7339d1d5e.png">
                    <action name="Execute">
                        <command>
                            <![CDATA[easytag]]>
                        </command>
                    </action>
                </item>
                <item label="Media Player" icon="/home/usuario/.config/obmenu-generator/icons/8e4ddff01964bdc1f167a6cafb021a7d.png">
                    <action name="Execute">
                        <command>
                            <![CDATA[xplayer]]>
                        </command>
                    </action>
                </item>
                <item label="projectM PulseAudio Visualization" icon="/home/usuario/.config/obmenu-generator/icons/7e17bb682720f6115591c634239fe6b1.png">
                    <action name="Execute">
                        <command>
                            <![CDATA[projectM-pulseaudio]]>
                        </command>
                    </action>
                </item>
                <item label="puddletag" icon="/home/usuario/.config/obmenu-generator/icons/61c3427f0d69fa2a39060cacba92a9e1.png">
                    <action name="Execute">
                        <command>
                            <![CDATA[puddletag]]>
                        </command>
                    </action>
                </item>
                <item label="Rhythmbox" icon="/home/usuario/.config/obmenu-generator/icons/d831438fdcff77b1709f83ce3df6b5e5.png">
                    <action name="Execute">
                        <command>
                            <![CDATA[rhythmbox]]>
                        </command>
                    </action>
                </item>
                <item label="Selene Media Encoder" icon="/home/usuario/.config/obmenu-generator/icons/71b59b5239d86516d5b076f788d85ebe.png">
                    <action name="Execute">
                        <command>
                            <![CDATA[selene]]>
                        </command>
                    </action>
                </item>
                <item label="Som" icon="/home/usuario/.config/obmenu-generator/icons/4c42bf601487e2893f9042aadcc71dc3.png">
                    <action name="Execute">
                        <command>
                            <![CDATA[mate-volume-control]]>
                        </command>
                    </action>
                </item>
                <item label="VLC media player" icon="/home/usuario/.config/obmenu-generator/icons/93960ea2564ac5873cd4adfaf22207eb.png">
                    <action name="Execute">
                        <command>
                            <![CDATA[/usr/bin/vlc --started-from-file]]>
                        </command>
                    </action>
                </item>
                <item label="Volti" icon="/home/usuario/.config/obmenu-generator/icons/4c42bf601487e2893f9042aadcc71dc3.png">
                    <action name="Execute">
                        <command>
                            <![CDATA[volti]]>
                        </command>
                    </action>
                </item>
                <item label="WinFF" icon="/home/usuario/.config/obmenu-generator/icons/10ab9a3a3203e1b62e44cee0506f3e5d.png">
                    <action name="Execute">
                        <command>
                            <![CDATA[winff]]>
                        </command>
                    </action>
                </item>
            </menu>
            <menu id="Rede e Internet" icon="/home/usuario/.config/obmenu-generator/icons/4d3ab5f8f61bfc6848a95e9086f58419.png" label="Rede e Internet">
                <item label="Brave" icon="/home/usuario/.config/obmenu-generator/icons/136ccd37d61e08a8e73c5da16773726d.png">
                    <action name="Execute">
                        <command>
                            <![CDATA[brave]]>
                        </command>
                    </action>
                </item>
                <item label="ClipGrab" icon="/home/usuario/.config/obmenu-generator/icons/73c3deeebd838bf3691f057384a89011.png">
                    <action name="Execute">
                        <command>
                            <![CDATA[clipgrab]]>
                        </command>
                    </action>
                </item>
                <item label="Discord" icon="/home/usuario/.config/obmenu-generator/icons/1348a8dc0e1e508df9fb1333cec352ed.png">
                    <action name="Execute">
                        <command>
                            <![CDATA[/usr/share/discord/Discord]]>
                        </command>
                    </action>
                </item>
                <item label="Firefox" icon="/home/usuario/.config/obmenu-generator/icons/894595f4d7fdffda3529ee236197d4a2.png">
                    <action name="Execute">
                        <command>
                            <![CDATA[firefox]]>
                        </command>
                    </action>
                </item>
                <item label="Google Chrome" icon="/home/usuario/.config/obmenu-generator/icons/c042860791259caaa58377c2476ca105.png">
                    <action name="Execute">
                        <command>
                            <![CDATA[/usr/bin/google-chrome-stable]]>
                        </command>
                    </action>
                </item>
                <item label="HexChat" icon="/home/usuario/.config/obmenu-generator/icons/fb6c28e781b7c5d644e4b834131fece1.png">
                    <action name="Execute">
                        <command>
                            <![CDATA[hexchat --existing]]>
                        </command>
                    </action>
                </item>
                <item label="Opendesktop.org App" icon="/home/usuario/.config/obmenu-generator/icons/b107039a51333a11d349fe2b6d4c09f0.png">
                    <action name="Execute">
                        <command>
                            <![CDATA[opendesktop-app]]>
                        </command>
                    </action>
                </item>
                <item label="Opera" icon="/home/usuario/.config/obmenu-generator/icons/92059a7660aa424fd58c2bb7c3fb5e81.png">
                    <action name="Execute">
                        <command>
                            <![CDATA[/usr/bin/opera]]>
                        </command>
                    </action>
                </item>
                <item label="Pidgin IM" icon="/home/usuario/.config/obmenu-generator/icons/7775685d43b11cbc34a6ce5300044abc.png">
                    <action name="Execute">
                        <command>
                            <![CDATA[pidgin]]>
                        </command>
                    </action>
                </item>
                <item label="Remmina" icon="/home/usuario/.config/obmenu-generator/icons/6917cd138cf926093120568d144daa88.png">
                    <action name="Execute">
                        <command>
                            <![CDATA[remmina]]>
                        </command>
                    </action>
                </item>
                <item label="Skype Linux Beta" icon="/home/usuario/.config/obmenu-generator/icons/f0a3b0c5baae72a50185286c681cb34f.png">
                    <action name="Execute">
                        <command>
                            <![CDATA[/usr/bin/skypeforlinux]]>
                        </command>
                    </action>
                </item>
                <item label="Sylpheed" icon="/home/usuario/.config/obmenu-generator/icons/3b058285db99b00ce4fe4da7f4b8de97.png">
                    <action name="Execute">
                        <command>
                            <![CDATA[sylpheed]]>
                        </command>
                    </action>
                </item>
                <item label="Thunderbird Mail" icon="/home/usuario/.config/obmenu-generator/icons/2ac783eec4861e5421a8de72119c62ca.png">
                    <action name="Execute">
                        <command>
                            <![CDATA[thunderbird]]>
                        </command>
                    </action>
                </item>
                <item label="Transmission" icon="/home/usuario/.config/obmenu-generator/icons/f53534b292cde7d030900a5a9c591cb0.png">
                    <action name="Execute">
                        <command>
                            <![CDATA[transmission-gtk]]>
                        </command>
                    </action>
                </item>
                <item label="uTox" icon="/home/usuario/.config/obmenu-generator/icons/c825a2f677aba99f83e27c5e6f5a4b64.png">
                    <action name="Execute">
                        <command>
                            <![CDATA[utox]]>
                        </command>
                    </action>
                </item>
            </menu>
            <menu id="Escritório" icon="/home/usuario/.config/obmenu-generator/icons/12e459053bba5c157632211b35005dda.png" label="Escritório">
                <item label="Calibre" icon="/home/usuario/.config/obmenu-generator/icons/c0c613ab4b0c898b7b3f62890dfb6971.png">
                    <action name="Execute">
                        <command>
                            <![CDATA[calibre]]>
                        </command>
                    </action>
                </item>
                <item label="Visualizador de Documentos" icon="/home/usuario/.config/obmenu-generator/icons/bb83f31215a5c02fa3a5e596cefa2867.png">
                    <action name="Execute">
                        <command>
                            <![CDATA[evince]]>
                        </command>
                    </action>
                </item>
                <item label="Visualizador de E-Book" icon="/home/usuario/.config/obmenu-generator/icons/c0c613ab4b0c898b7b3f62890dfb6971.png">
                    <action name="Execute">
                        <command>
                            <![CDATA[ebook-viewer]]>
                        </command>
                    </action>
                </item>
                <item label="Calendário Orage" icon="/home/usuario/.config/obmenu-generator/icons/29a91f28ff17975f320feaede2bbe464.png">
                    <action name="Execute">
                        <command>
                            <![CDATA[orage]]>
                        </command>
                    </action>
                </item>
                <item label="Google Drive" icon="/home/usuario/.config/obmenu-generator/icons/81167204cba3c52917aebfc68e78e30a.png">
                    <action name="Execute">
                        <command>
                            <![CDATA[/opt/google/chrome/google-chrome --profile-directory=Default --app-id=apdfllckaahabafndbhieahigkjlhalf]]>
                        </command>
                    </action>
                </item>
                <item label="Orage Globaltime" icon="/home/usuario/.config/obmenu-generator/icons/c27091d8c186a399fe6569564dc60ec1.png">
                    <action name="Execute">
                        <command>
                            <![CDATA[globaltime]]>
                        </command>
                    </action>
                </item>
                <item label="Preview de Impressão" icon="/home/usuario/.config/obmenu-generator/icons/5570b126a14ce3e3b0a441dd592d42f4.png">
                    <action name="Execute">
                        <command>
                            <![CDATA[evince-previewer]]>
                        </command>
                    </action>
                </item>
                <item label="Qpdfview" icon="/home/usuario/.config/obmenu-generator/icons/bb83f31215a5c02fa3a5e596cefa2867.png">
                    <action name="Execute">
                        <command>
                            <![CDATA[qpdfview --unique]]>
                        </command>
                    </action>
                </item>
                <item label="WPS Presentation" icon="/home/usuario/.config/obmenu-generator/icons/7249bd7c4f7859abbb5a8058990b8fcb.png">
                    <action name="Execute">
                        <command>
                            <![CDATA[/usr/bin/wpp]]>
                        </command>
                    </action>
                </item>
                <item label="WPS Spreadsheets" icon="/home/usuario/.config/obmenu-generator/icons/ff2917069d92e17ec1e982ab89de6339.png">
                    <action name="Execute">
                        <command>
                            <![CDATA[/usr/bin/et]]>
                        </command>
                    </action>
                </item>
                <item label="WPS Writer" icon="/home/usuario/.config/obmenu-generator/icons/670986c8ede4edf8667f93dc8c835926.png">
                    <action name="Execute">
                        <command>
                            <![CDATA[/usr/bin/wps]]>
                        </command>
                    </action>
                </item>
            </menu>
            <menu id="Outros" icon="/home/usuario/.config/obmenu-generator/icons/434a85c4a5c7b8ae8d9ea5d169f21145.png" label="Outros">
                <item label="About Me" icon="/home/usuario/.config/obmenu-generator/icons/541bfff4c4d0fb37b2bf14b6b7da5d42.png">
                    <action name="Execute">
                        <command>
                            <![CDATA[mate-about-me]]>
                        </command>
                    </action>
                </item>
            </menu>
            <menu id="Preferências" icon="/home/usuario/.config/obmenu-generator/icons/378316819535dbb35f6de942b0dbbb22.png" label="Preferências">
                <item label="Appearance" icon="/home/usuario/.config/obmenu-generator/icons/f8ab264ec1ed7ccef2566c992cb7629a.png">
                    <action name="Execute">
                        <command>
                            <![CDATA[mate-appearance-properties]]>
                        </command>
                    </action>
                </item>
                <item label="Backup Tool" icon="/home/usuario/.config/obmenu-generator/icons/42008a1f3dea8e7849991ef349e94dd3.png">
                    <action name="Execute">
                        <command>
                            <![CDATA[mintbackup]]>
                        </command>
                    </action>
                </item>
                <item label="BootUp-Manager" icon="/home/usuario/.config/obmenu-generator/icons/2eb0a0d159226334c95cf7702804ae4f.png">
                    <action name="Execute">
                        <command>
                            <![CDATA[gksu bum]]>
                        </command>
                    </action>
                </item>
                <item label="Control Center" icon="/home/usuario/.config/obmenu-generator/icons/a9b1d710a50a8cf89ce4720e76383a1e.png">
                    <action name="Execute">
                        <command>
                            <![CDATA[mate-control-center]]>
                        </command>
                    </action>
                </item>
                <item label="Desktop Sharing" icon="/home/usuario/.config/obmenu-generator/icons/6917cd138cf926093120568d144daa88.png">
                    <action name="Execute">
                        <command>
                            <![CDATA[vino-preferences]]>
                        </command>
                    </action>
                </item>
                <item label="Displays" icon="/home/usuario/.config/obmenu-generator/icons/2c0a8af0a3400c6ec95ca1f02fa6d1ad.png">
                    <action name="Execute">
                        <command>
                            <![CDATA[mate-display-properties]]>
                        </command>
                    </action>
                </item>
                <item label="Firewall Configuration" icon="/home/usuario/.config/obmenu-generator/icons/0938fe66f6202416acc67dda2a0c9b2c.png">
                    <action name="Execute">
                        <command>
                            <![CDATA[gufw]]>
                        </command>
                    </action>
                </item>
                <item label="Fonts" icon="/home/usuario/.config/obmenu-generator/icons/f81b1ae144a1f665fd910e88292e619f.png">
                    <action name="Execute">
                        <command>
                            <![CDATA[cinnamon-settings fonts]]>
                        </command>
                    </action>
                </item>
                <item label="Guake Preferences" icon="/home/usuario/.config/obmenu-generator/icons/55b992a4db69ea6628a601863fc5454b.png">
                    <action name="Execute">
                        <command>
                            <![CDATA[guake-prefs]]>
                        </command>
                    </action>
                </item>
                <item label="Input method" icon="/home/usuario/.config/obmenu-generator/icons/12b4029774e882539e93a47243429b56.png">
                    <action name="Execute">
                        <command>
                            <![CDATA[mintlocale im]]>
                        </command>
                    </action>
                </item>
                <item label="Languages" icon="/home/usuario/.config/obmenu-generator/icons/af758fca35f41803f6fca5d7d7780ffc.png">
                    <action name="Execute">
                        <command>
                            <![CDATA[mintlocale]]>
                        </command>
                    </action>
                </item>
                <item label="Conexões de Rede" icon="/home/usuario/.config/obmenu-generator/icons/c704a32548327a2eb2ea097ea281f943.png">
                    <action name="Execute">
                        <command>
                            <![CDATA[nm-connection-editor]]>
                        </command>
                    </action>
                </item>
                <item label="Proxy de Rede" icon="/home/usuario/.config/obmenu-generator/icons/c66b399bfb40a774ceb3de897ee483cb.png">
                    <action name="Execute">
                        <command>
                            <![CDATA[mate-network-properties]]>
                        </command>
                    </action>
                </item>
                <item label="Rede" icon="/home/usuario/.config/obmenu-generator/icons/c704a32548327a2eb2ea097ea281f943.png">
                    <action name="Execute">
                        <command>
                            <![CDATA[network-admin]]>
                        </command>
                    </action>
                </item>
                <item label="Openbox Configuration Manager" icon="/home/usuario/.config/obmenu-generator/icons/a2291ffd62e62effa109cb01925f416c.png">
                    <action name="Execute">
                        <command>
                            <![CDATA[obconf]]>
                        </command>
                    </action>
                </item>
                <item label="Openbox Settings" icon="/home/usuario/.config/obmenu-generator/icons/4f3d3149279c66754afecf53a0646265.png">
                    <action name="Execute">
                        <command>
                            <![CDATA[obconf-qt]]>
                        </command>
                    </action>
                </item>
                <item label="Orage preferences" icon="/home/usuario/.config/obmenu-generator/icons/29a91f28ff17975f320feaede2bbe464.png">
                    <action name="Execute">
                        <command>
                            <![CDATA[orage -p]]>
                        </command>
                    </action>
                </item>
                <item label="Impressoras" icon="/home/usuario/.config/obmenu-generator/icons/2bc29702b5e47927b7154f2fb33767b5.png">
                    <action name="Execute">
                        <command>
                            <![CDATA[system-config-printer]]>
                        </command>
                    </action>
                </item>
                <item label="Preferencias PulseAudio" icon="/home/usuario/.config/obmenu-generator/icons/a9b1d710a50a8cf89ce4720e76383a1e.png">
                    <action name="Execute">
                        <command>
                            <![CDATA[paprefs]]>
                        </command>
                    </action>
                </item>
                <item label="Qt 4 Settings" icon="/home/usuario/.config/obmenu-generator/icons/f0721efaaf015bb127606b7ef95fc0bb.png">
                    <action name="Execute">
                        <command>
                            <![CDATA[/usr/bin/qtconfig-qt4]]>
                        </command>
                    </action>
                </item>
                <item label="Screensaver" icon="/home/usuario/.config/obmenu-generator/icons/a078b77ef49992295a0a145130cf0e7d.png">
                    <action name="Execute">
                        <command>
                            <![CDATA[cinnamon-screensaver-preferences]]>
                        </command>
                    </action>
                </item>
                <item label="Shared Folders" icon="/home/usuario/.config/obmenu-generator/icons/35fe6d7c8570a7e9596ddbf984b1602f.png">
                    <action name="Execute">
                        <command>
                            <![CDATA[shares-admin]]>
                        </command>
                    </action>
                </item>
                <item label="Software Manager" icon="/home/usuario/.config/obmenu-generator/icons/2a42dc1fbab36338a6957e49c2604c0d.png">
                    <action name="Execute">
                        <command>
                            <![CDATA[gksu  mintinstall]]>
                        </command>
                    </action>
                </item>
                <item label="Software Sources" icon="/home/usuario/.config/obmenu-generator/icons/212feaa587a6dddf08893be8703ed67e.png">
                    <action name="Execute">
                        <command>
                            <![CDATA[software-sources]]>
                        </command>
                    </action>
                </item>
                <item label="Software Sources" icon="/usr/share/icons/hicolor/scalable/apps/software-sources.svg">
                    <action name="Execute">
                        <command>
                            <![CDATA[software-sources]]>
                        </command>
                    </action>
                </item>
                <item label="Som" icon="/home/usuario/.config/obmenu-generator/icons/4c42bf601487e2893f9042aadcc71dc3.png">
                    <action name="Execute">
                        <command>
                            <![CDATA[mate-volume-control]]>
                        </command>
                    </action>
                </item>
                <item label="Time and Date" icon="/home/usuario/.config/obmenu-generator/icons/c27091d8c186a399fe6569564dc60ec1.png">
                    <action name="Execute">
                        <command>
                            <![CDATA[time-admin]]>
                        </command>
                    </action>
                </item>
                <item label="Tint2 Settings" icon="/home/usuario/.config/obmenu-generator/icons/e2bf1c792a13810e655c8c336be55700.png">
                    <action name="Execute">
                        <command>
                            <![CDATA[tint2conf]]>
                        </command>
                    </action>
                </item>
                <item label="Gnome Tweak Tool" icon="/home/usuario/.config/obmenu-generator/icons/6e2ebf613d5cd5f05960df8a40b81fe5.png">
                    <action name="Execute">
                        <command>
                            <![CDATA[gnome-tweak-tool]]>
                        </command>
                    </action>
                </item>
                <item label="Update Manager" icon="/home/usuario/.config/obmenu-generator/icons/44c2f9247986edf375539bba1edcdddd.png">
                    <action name="Execute">
                        <command>
                            <![CDATA[mintupdate]]>
                        </command>
                    </action>
                </item>
                <item label="Upload Manager" icon="/home/usuario/.config/obmenu-generator/icons/a6ecd6f81204390ddf200d2595fde60e.png">
                    <action name="Execute">
                        <command>
                            <![CDATA[mintupload-manager]]>
                        </command>
                    </action>
                </item>
                <item label="Users and Groups" icon="/home/usuario/.config/obmenu-generator/icons/541bfff4c4d0fb37b2bf14b6b7da5d42.png">
                    <action name="Execute">
                        <command>
                            <![CDATA[users-admin]]>
                        </command>
                    </action>
                </item>
                <item label="Compton wm Effects" icon="/home/usuario/.config/obmenu-generator/icons/4f3d3149279c66754afecf53a0646265.png">
                    <action name="Execute">
                        <command>
                            <![CDATA[compton-conf]]>
                        </command>
                    </action>
                </item>
            </menu>
            <menu id="Sistema" icon="/home/usuario/.config/obmenu-generator/icons/a9b1d710a50a8cf89ce4720e76383a1e.png" label="Sistema">
                <item label="Visualizador de Logs" icon="/home/usuario/.config/obmenu-generator/icons/fa7688403c7c7adbad76cabe1e680366.png">
                    <action name="Execute">
                        <command>
                            <![CDATA[mate-system-log]]>
                        </command>
                    </action>
                </item>
                <item label="Discos" icon="/home/usuario/.config/obmenu-generator/icons/7e240f464647868226aafb27d2cd60d7.png">
                    <action name="Execute">
                        <command>
                            <![CDATA[gnome-disks]]>
                        </command>
                    </action>
                </item>
                <item label="GParted" icon="/home/usuario/.config/obmenu-generator/icons/63f353e21a4a3e14af8a8b685a7cbd43.png">
                    <action name="Execute">
                        <command>
                            <![CDATA[gksu  gparted]]>
                        </command>
                    </action>
                </item>
                <item label="Grub Customizer" icon="/home/usuario/.config/obmenu-generator/icons/18cc854174bffbe810910e36b902d489.png">
                    <action name="Execute">
                        <command>
                            <![CDATA[gksu grub-customizer]]>
                        </command>
                    </action>
                </item>
                <item label="Synaptic Package Manager" icon="/home/usuario/.config/obmenu-generator/icons/212feaa587a6dddf08893be8703ed67e.png">
                    <action name="Execute">
                        <command>
                            <![CDATA[~/bin/suSynaptic.sh]]>
                        </command>
                    </action>
                </item>
                <item label="systemadm" icon="/home/usuario/.config/obmenu-generator/icons/a9b1d710a50a8cf89ce4720e76383a1e.png">
                    <action name="Execute">
                        <command>
                            <![CDATA[gksu  systemadm]]>
                        </command>
                    </action>
                </item>
                <item label="Avahi Zeroconf Browser" icon="/home/usuario/.config/obmenu-generator/icons/c704a32548327a2eb2ea097ea281f943.png">
                    <action name="Execute">
                        <command>
                            <![CDATA[/usr/bin/avahi-discover]]>
                        </command>
                    </action>
                </item>
                <item label="Backup Tool" icon="/home/usuario/.config/obmenu-generator/icons/42008a1f3dea8e7849991ef349e94dd3.png">
                    <action name="Execute">
                        <command>
                            <![CDATA[mintbackup]]>
                        </command>
                    </action>
                </item>
                <item label="Backup Tool" icon="/home/usuario/.config/obmenu-generator/icons/42008a1f3dea8e7849991ef349e94dd3.png">
                    <action name="Execute">
                        <command>
                            <![CDATA[mintBackup]]>
                        </command>
                    </action>
                </item>
                <item label="BleachBit (as root)" icon="/home/usuario/.config/obmenu-generator/icons/3ab8f5ef99d4ee272f6ae499ab3b0bed.png">
                    <action name="Execute">
                        <command>
                            <![CDATA[gksu bleachbit]]>
                        </command>
                    </action>
                </item>
                <item label="BleachBit" icon="/home/usuario/.config/obmenu-generator/icons/3ab8f5ef99d4ee272f6ae499ab3b0bed.png">
                    <action name="Execute">
                        <command>
                            <![CDATA[bleachbit]]>
                        </command>
                    </action>
                </item>
                <item label="BootUp-Manager" icon="/home/usuario/.config/obmenu-generator/icons/2eb0a0d159226334c95cf7702804ae4f.png">
                    <action name="Execute">
                        <command>
                            <![CDATA[gksu bum]]>
                        </command>
                    </action>
                </item>
                <item label="Configuration Editor" icon="/home/usuario/.config/obmenu-generator/icons/64858e79a2393f35c32b93478d4e8fea.png">
                    <action name="Execute">
                        <command>
                            <![CDATA[gconf-editor]]>
                        </command>
                    </action>
                </item>
                <item label="dconf Editor" icon="/home/usuario/.config/obmenu-generator/icons/cf1899e925e20695b1fa3b754f48fff3.png">
                    <action name="Execute">
                        <command>
                            <![CDATA[dconf-editor]]>
                        </command>
                    </action>
                </item>
                <item label="Disk Usage Analyzer" icon="/home/usuario/.config/obmenu-generator/icons/c798d72c508b0138badacf811d5774ab.png">
                    <action name="Execute">
                        <command>
                            <![CDATA[mate-disk-usage-analyzer]]>
                        </command>
                    </action>
                </item>
                <item label="Domain Blocker" icon="/home/usuario/.config/obmenu-generator/icons/17ef1cdac297fa04a06abbdb05813316.png">
                    <action name="Execute">
                        <command>
                            <![CDATA[mintnanny]]>
                        </command>
                    </action>
                </item>
                <item label="Driver Manager" icon="/home/usuario/.config/obmenu-generator/icons/b217db4a44e1a7515ee4102df5ec7a91.png">
                    <action name="Execute">
                        <command>
                            <![CDATA[driver-manager]]>
                        </command>
                    </action>
                </item>
                <item label="Etcher" icon="/home/usuario/.config/obmenu-generator/icons/dd7260015d966ed23fbd462ee128aefa.png">
                    <action name="Execute">
                        <command>
                            <![CDATA["/home/usuario/Downloads/Etcher-1.0.0-linux-x64.AppImage"]]>
                        </command>
                    </action>
                </item>
                <item label="Final Term" icon="/home/usuario/.config/obmenu-generator/icons/820002517a0a3e251de07178f101e0f8.png">
                    <action name="Execute">
                        <command>
                            <![CDATA[finalterm]]>
                        </command>
                    </action>
                </item>
                <item label="FSlint Janitor" icon="/home/usuario/.config/obmenu-generator/icons/344edb57b328f6fa952ba9bc52c2f131.png">
                    <action name="Execute">
                        <command>
                            <![CDATA[fslint-gui]]>
                        </command>
                    </action>
                </item>
                <item label="Gigolo" icon="/home/usuario/.config/obmenu-generator/icons/35fe6d7c8570a7e9596ddbf984b1602f.png">
                    <action name="Execute">
                        <command>
                            <![CDATA[gigolo]]>
                        </command>
                    </action>
                </item>
                <item label="GParted" icon="/home/usuario/.config/obmenu-generator/icons/63f353e21a4a3e14af8a8b685a7cbd43.png">
                    <action name="Execute">
                        <command>
                            <![CDATA[gksu gparted]]>
                        </command>
                    </action>
                </item>
                <item label="Grsync" icon="/home/usuario/.config/obmenu-generator/icons/abdd5e418c461a32886a88eb733d0c36.png">
                    <action name="Execute">
                        <command>
                            <![CDATA[/usr/bin/grsync -i]]>
                        </command>
                    </action>
                </item>
                <item label="Grub Customizer" icon="/home/usuario/.config/obmenu-generator/icons/18cc854174bffbe810910e36b902d489.png">
                    <action name="Execute">
                        <command>
                            <![CDATA[gksu grub-customizer]]>
                        </command>
                    </action>
                </item>
                <item label="Guake Terminal" icon="/home/usuario/.config/obmenu-generator/icons/55b992a4db69ea6628a601863fc5454b.png">
                    <action name="Execute">
                        <command>
                            <![CDATA[guake]]>
                        </command>
                    </action>
                </item>
                <item label="Hardware Lister" icon="/home/usuario/.config/obmenu-generator/icons/9fe7c26f30f47e08fbcb9a91964f6183.png">
                    <action name="Execute">
                        <command>
                            <![CDATA[gksu lshw-gtk]]>
                        </command>
                    </action>
                </item>
                <item label="Htop" icon="/home/usuario/.config/obmenu-generator/icons/1e7391a715ce55d235dfc582c2af4a2e.png">
                    <action name="Execute">
                        <command>
                            <![CDATA[tilix -e 'htop']]>
                        </command>
                    </action>
                </item>
                <item label="Log File Viewer" icon="/home/usuario/.config/obmenu-generator/icons/a9b1d710a50a8cf89ce4720e76383a1e.png">
                    <action name="Execute">
                        <command>
                            <![CDATA[mate-system-log]]>
                        </command>
                    </action>
                </item>
                <item label="luckyBackup (super user)" icon="/home/usuario/.config/obmenu-generator/icons/42008a1f3dea8e7849991ef349e94dd3.png">
                    <action name="Execute">
                        <command>
                            <![CDATA[gksu /usr/bin/luckybackup]]>
                        </command>
                    </action>
                </item>
                <item label="Lynis auditing tool" icon="">
                    <action name="Execute">
                        <command>
                            <![CDATA[tilix -e 'gksu -c '/usr/sbin/lynis --no-colors'']]>
                        </command>
                    </action>
                </item>
                <item label="Midnight Commander" icon="/home/usuario/.config/obmenu-generator/icons/edf57ee8015403cd1f93778485bf09cc.png">
                    <action name="Execute">
                        <command>
                            <![CDATA[tilix -e 'mc']]>
                        </command>
                    </action>
                </item>
                <item label="Rede" icon="/home/usuario/.config/obmenu-generator/icons/c704a32548327a2eb2ea097ea281f943.png">
                    <action name="Execute">
                        <command>
                            <![CDATA[network-admin]]>
                        </command>
                    </action>
                </item>
                <item label="Oracle VM VirtualBox" icon="/home/usuario/.config/obmenu-generator/icons/57dcdb350dc8578803f0195b19f5e4d5.png">
                    <action name="Execute">
                        <command>
                            <![CDATA[VirtualBox]]>
                        </command>
                    </action>
                </item>
                <item label="Power Statistics" icon="/home/usuario/.config/obmenu-generator/icons/bce1849dfffb628d142ab92490f0097e.png">
                    <action name="Execute">
                        <command>
                            <![CDATA[mate-power-statistics]]>
                        </command>
                    </action>
                </item>
                <item label="Printers" icon="/home/usuario/.config/obmenu-generator/icons/2bc29702b5e47927b7154f2fb33767b5.png">
                    <action name="Execute">
                        <command>
                            <![CDATA[system-config-printer]]>
                        </command>
                    </action>
                </item>
                <item label="Shared Folders" icon="/home/usuario/.config/obmenu-generator/icons/35fe6d7c8570a7e9596ddbf984b1602f.png">
                    <action name="Execute">
                        <command>
                            <![CDATA[shares-admin]]>
                        </command>
                    </action>
                </item>
                <item label="Software Manager" icon="/home/usuario/.config/obmenu-generator/icons/2a42dc1fbab36338a6957e49c2604c0d.png">
                    <action name="Execute">
                        <command>
                            <![CDATA[gksu  mintinstall]]>
                        </command>
                    </action>
                </item>
                <item label="Software Sources" icon="/home/usuario/.config/obmenu-generator/icons/212feaa587a6dddf08893be8703ed67e.png">
                    <action name="Execute">
                        <command>
                            <![CDATA[software-sources]]>
                        </command>
                    </action>
                </item>
                <item label="System Monitor" icon="/home/usuario/.config/obmenu-generator/icons/60b2ab3687134977250d9ffc40a6744d.png">
                    <action name="Execute">
                        <command>
                            <![CDATA[gksu  mate-system-monitor]]>
                        </command>
                    </action>
                </item>
                <item label="System Profiler and Benchmark" icon="/home/usuario/.config/obmenu-generator/icons/09e7b8f93a3f36a7b3150b7357d1f072.png">
                    <action name="Execute">
                        <command>
                            <![CDATA[hardinfo]]>
                        </command>
                    </action>
                </item>
                <item label="systemadm" icon="/home/usuario/.config/obmenu-generator/icons/a9b1d710a50a8cf89ce4720e76383a1e.png">
                    <action name="Execute">
                        <command>
                            <![CDATA[gksu  systemadm]]>
                        </command>
                    </action>
                </item>
                <item label="Gnome Terminal" icon="/home/usuario/.config/obmenu-generator/icons/3c63cfcd31dca9feda3a3508b0155b32.png">
                    <action name="Execute">
                        <command>
                            <![CDATA[gnome-terminal]]>
                        </command>
                    </action>
                </item>
                <item label="Mate Terminal" icon="/home/usuario/.config/obmenu-generator/icons/3c63cfcd31dca9feda3a3508b0155b32.png">
                    <action name="Execute">
                        <command>
                            <![CDATA[mate-terminal]]>
                        </command>
                    </action>
                </item>
                <item label="Tilix" icon="/home/usuario/.config/obmenu-generator/icons/f60503146a2151990ba226d3debdb952.png">
                    <action name="Execute">
                        <command>
                            <![CDATA[tilix]]>
                        </command>
                    </action>
                </item>
                <item label="Time and Date" icon="/home/usuario/.config/obmenu-generator/icons/c27091d8c186a399fe6569564dc60ec1.png">
                    <action name="Execute">
                        <command>
                            <![CDATA[time-admin]]>
                        </command>
                    </action>
                </item>
                <item label="Tint2" icon="/home/usuario/.config/obmenu-generator/icons/e2bf1c792a13810e655c8c336be55700.png">
                    <action name="Execute">
                        <command>
                            <![CDATA[tint2]]>
                        </command>
                    </action>
                </item>
                <item label="Update Manager" icon="/home/usuario/.config/obmenu-generator/icons/44c2f9247986edf375539bba1edcdddd.png">
                    <action name="Execute">
                        <command>
                            <![CDATA[mintupdate]]>
                        </command>
                    </action>
                </item>
                <item label="Upload Manager" icon="/home/usuario/.config/obmenu-generator/icons/a6ecd6f81204390ddf200d2595fde60e.png">
                    <action name="Execute">
                        <command>
                            <![CDATA[mintupload-manager]]>
                        </command>
                    </action>
                </item>
                <item label="USB Image Writer" icon="/home/usuario/.config/obmenu-generator/icons/df56cf808a673549abdf49e642e7a546.png">
                    <action name="Execute">
                        <command>
                            <![CDATA[mintstick -m iso]]>
                        </command>
                    </action>
                </item>
                <item label="Formatador USB Pendrive" icon="/home/usuario/.config/obmenu-generator/icons/df56cf808a673549abdf49e642e7a546.png">
                    <action name="Execute">
                        <command>
                            <![CDATA[mintstick -m format]]>
                        </command>
                    </action>
                </item>
                <item label="Grupos e Usuários" icon="/home/usuario/.config/obmenu-generator/icons/541bfff4c4d0fb37b2bf14b6b7da5d42.png">
                    <action name="Execute">
                        <command>
                            <![CDATA[users-admin]]>
                        </command>
                    </action>
                </item>
            </menu>
        </menu>
        <menu id="Openbox" label="Openbox" icon="/home/usuario/.config/obmenu-generator/icons/d0cf5f9a82af51da7d8514629c8cbe05.png">
            <menu id="Preferências Avançadas" icon="/home/usuario/.config/obmenu-generator/icons/a9b1d710a50a8cf89ce4720e76383a1e.png" label="Preferências Avançadas">
                <item label="Editar conkyrc" icon="/home/usuario/.config/obmenu-generator/icons/2f00139f20487a2c2bfb0e61eae51be7.png">
                    <action name="Execute">
                        <command>
                            <![CDATA[subl ~/.conkyrc]]>
                        </command>
                    </action>
                </item>
                <item label="Editar tint2rc" icon="/home/usuario/.config/obmenu-generator/icons/2f00139f20487a2c2bfb0e61eae51be7.png">
                    <action name="Execute">
                        <command>
                            <![CDATA[subl ~/.config/tint2/tint2rc]]>
                        </command>
                    </action>
                </item>
                <menu id="Obmenu" icon="/home/usuario/.config/obmenu-generator/icons/6f21d1232d1adc00801fee35399cbb45.png" label="Obmenu">
                    <item label="Obmenu Schema" icon="/home/usuario/.config/obmenu-generator/icons/2f00139f20487a2c2bfb0e61eae51be7.png">
                        <action name="Execute">
                            <command>
                                <![CDATA[subl ~/.config/obmenu-generator/schema.pl]]>
                            </command>
                        </action>
                    </item>
                    <item label="Obmenu Config" icon="/home/usuario/.config/obmenu-generator/icons/2f00139f20487a2c2bfb0e61eae51be7.png">
                        <action name="Execute">
                            <command>
                                <![CDATA[subl ~/.config/obmenu-generator/config.pl]]>
                            </command>
                        </action>
                    </item>
                </menu>
                <menu id="Config" icon="/home/usuario/.config/obmenu-generator/icons/d0cf5f9a82af51da7d8514629c8cbe05.png" label="Config">
                    <item label="Editar Autostart" icon="/home/usuario/.config/obmenu-generator/icons/2f00139f20487a2c2bfb0e61eae51be7.png">
                        <action name="Execute">
                            <command>
                                <![CDATA[subl ~/.config/openbox/autostart]]>
                            </command>
                        </action>
                    </item>
                    <item label="Editar rc.xml" icon="/home/usuario/.config/obmenu-generator/icons/2f00139f20487a2c2bfb0e61eae51be7.png">
                        <action name="Execute">
                            <command>
                                <![CDATA[subl ~/.config/openbox/rc.xml]]>
                            </command>
                        </action>
                    </item>
                    <item label="Editar menu.xml" icon="/home/usuario/.config/obmenu-generator/icons/2f00139f20487a2c2bfb0e61eae51be7.png">
                        <action name="Execute">
                            <command>
                                <![CDATA[subl ~/.config/openbox/menu.xml]]>
                            </command>
                        </action>
                    </item>
                </menu>
            </menu>
        </menu>
        <item label="Reconfigurar" icon="/home/usuario/.config/obmenu-generator/icons/d0cf5f9a82af51da7d8514629c8cbe05.png">
            <action name="Execute">
                <command>
                    <![CDATA[openbox --reconfigure]]>
                </command>
            </action>
        </item>
        <item label="Bloquear" icon="/home/usuario/.config/obmenu-generator/icons/fac54ef4f59ce4b9fa1d0ab95e0771d8.png">
            <action name="Execute">
                <command>
                    <![CDATA[cinnamon-screensaver-command -l]]>
                </command>
            </action>
        </item>
        <item label="Sair" icon="/home/usuario/.config/obmenu-generator/icons/43224647e29122ab8654ca413cbe99fc.png">
            <action name="Execute">
                <command>
                    <![CDATA[~/bin/bl-exit.sh]]>
                </command>
            </action>
        </item>
    </menu>
</openbox_menu>